-- phpMyAdmin SQL Dump
-- version 2.8.1-rc1
-- http://www.phpmyadmin.net
-- 
-- Host: localhost
-- Generation Time: Jan 28, 2007 at 06:58 AM
-- Server version: 5.0.21
-- PHP Version: 5.2.0

SET FOREIGN_KEY_CHECKS=0;
-- 
-- Database: `agavi-td`
-- 

-- --------------------------------------------------------

-- 
-- Table structure for table `channel`
-- 

DROP TABLE IF EXISTS `channel`;
CREATE TABLE IF NOT EXISTS `channel` (
  `id` int(11) NOT NULL auto_increment,
  `name` varchar(255) NOT NULL,
  `topic` tinytext NOT NULL,
  PRIMARY KEY  (`id`)
) ENGINE=InnoDB DEFAULT CHARSET=latin1 AUTO_INCREMENT=6 ;

-- 
-- Dumping data for table `channel`
-- 

INSERT INTO `channel` (`id`, `name`, `topic`) VALUES (1, '#agavi', 'DEADLINE PANIC'),
(2, '#ubuntu', 'Official Ubuntu Support Channel | FAQ: https://help.ubuntu.com/community/CommonQuestions | Support options: http://www.ubuntu.com/support | IRC info: https://wiki.ubuntu.com/IRCResourcePage | Pastes to http://paste.ubuntu-nl.org | libc6 problems? http://u'),
(3, '#debian', '/msg dpkg 3.1r4 | etch release? /msg dpkg wwer | PUBLIC KEY NOT AVAILABLE? /msg dpkg no public key | THIS IS NOT #ubuntu | FAQ: http://www.linuks.mine.nu/debian-faq-wiki/ | /msg dpkg bts | /msg dpkg testing security | X.org: /msg dpkg xorg sarge | NO FLOO'),
(4, '#perl', 'No pasting, use http://sial.org/pbot/perl/ or http://erxz.com/pb/ or http://dragon.cbi.tamucc.edu:8080 ::  Visit #perlcafe, #perl6 and #pound-perl.pm :: <ew73> VB.NET is all of the fun of enforced privacy OO with all of the power of BASIC :: <GumbyBRAIN> '),
(5, 'Remote closed the connection', '');

-- --------------------------------------------------------

-- 
-- Table structure for table `channel_nick`
-- 

DROP TABLE IF EXISTS `channel_nick`;
CREATE TABLE IF NOT EXISTS `channel_nick` (
  `channel_id` int(11) NOT NULL,
  `nick_id` int(11) NOT NULL,
  `voiced` int(11) default '0',
  `opped` int(11) default '0',
  PRIMARY KEY  (`channel_id`,`nick_id`),
  KEY `channel_nick_FI_2` (`nick_id`)
) ENGINE=InnoDB DEFAULT CHARSET=latin1;

-- 
-- Dumping data for table `channel_nick`
-- 

INSERT INTO `channel_nick` (`channel_id`, `nick_id`, `voiced`, `opped`) VALUES (1, 1, 0, 0),
(1, 2, 0, 0),
(1, 3, 0, 0),
(1, 4, 0, 0),
(1, 5, 0, 0),
(1, 6, 0, 0),
(1, 7, 0, 0),
(1, 8, 0, 0),
(1, 9, 0, 0),
(1, 10, 0, 0),
(1, 11, 0, 0),
(1, 12, 0, 0),
(1, 13, 0, 0),
(1, 14, 0, 0),
(1, 15, 0, 0),
(2, 1, 0, 0),
(2, 2, 0, 0),
(2, 16, 0, 0),
(2, 17, 0, 0),
(2, 18, 0, 0),
(2, 19, 0, 0),
(2, 20, 0, 0),
(2, 21, 0, 0),
(2, 22, 0, 0),
(2, 23, 0, 0),
(2, 24, 0, 0),
(2, 25, 0, 0),
(2, 26, 0, 0),
(2, 27, 0, 0),
(2, 28, 0, 0),
(2, 29, 0, 0),
(2, 30, 0, 0),
(2, 31, 0, 0),
(2, 32, 0, 0),
(2, 33, 0, 0),
(2, 34, 0, 0),
(2, 35, 0, 0),
(2, 36, 0, 0),
(2, 37, 0, 0),
(2, 38, 0, 0),
(2, 39, 0, 0),
(2, 40, 0, 0),
(2, 41, 0, 0),
(2, 42, 0, 0),
(2, 43, 0, 0),
(2, 44, 0, 0),
(2, 45, 0, 0),
(2, 46, 0, 0),
(2, 47, 0, 0),
(2, 48, 0, 0),
(2, 49, 0, 0),
(2, 50, 0, 0),
(2, 51, 0, 0),
(2, 52, 0, 0),
(2, 53, 0, 0),
(2, 54, 0, 0),
(2, 55, 0, 0),
(2, 56, 0, 0),
(2, 57, 0, 0),
(2, 58, 0, 0),
(2, 59, 0, 0),
(2, 60, 0, 0),
(2, 61, 0, 0),
(2, 62, 0, 0),
(2, 63, 0, 0),
(2, 64, 0, 0),
(2, 65, 0, 0),
(2, 66, 0, 0),
(2, 67, 0, 0),
(2, 68, 0, 0),
(2, 69, 0, 0),
(2, 70, 0, 0),
(2, 71, 0, 0),
(2, 72, 0, 0),
(2, 73, 0, 0),
(2, 74, 0, 0),
(2, 75, 0, 0),
(2, 76, 0, 0),
(2, 77, 0, 0),
(2, 78, 0, 0),
(2, 79, 0, 0),
(2, 80, 0, 0),
(2, 81, 0, 0),
(2, 82, 0, 0),
(2, 83, 0, 0),
(2, 84, 0, 0),
(2, 85, 0, 0),
(2, 86, 0, 0),
(2, 87, 0, 0),
(2, 88, 0, 0),
(2, 89, 0, 0),
(2, 90, 0, 0),
(2, 91, 0, 0),
(2, 92, 0, 0),
(2, 93, 0, 0),
(2, 94, 0, 0),
(2, 95, 0, 0),
(2, 96, 0, 0),
(2, 97, 0, 0),
(2, 98, 0, 0),
(2, 99, 0, 0),
(2, 100, 0, 0),
(2, 101, 0, 0),
(2, 102, 0, 0),
(2, 103, 0, 0),
(2, 104, 0, 0),
(2, 105, 0, 0),
(2, 106, 0, 0),
(2, 107, 0, 0),
(2, 108, 0, 0),
(2, 109, 0, 0),
(2, 110, 0, 0),
(2, 111, 0, 0),
(2, 112, 0, 0),
(2, 113, 0, 0),
(2, 114, 0, 0),
(2, 115, 0, 0),
(2, 116, 0, 0),
(2, 117, 0, 0),
(2, 118, 0, 0),
(2, 119, 0, 0),
(2, 120, 0, 0),
(2, 121, 0, 0),
(2, 122, 0, 0),
(2, 123, 0, 0),
(2, 124, 0, 0),
(2, 125, 0, 0),
(2, 126, 0, 0),
(2, 127, 0, 0),
(2, 128, 0, 0),
(2, 129, 0, 0),
(2, 130, 0, 0),
(2, 131, 0, 0),
(2, 132, 0, 0),
(2, 133, 0, 0),
(2, 134, 0, 0),
(2, 135, 0, 0),
(2, 136, 0, 0),
(2, 137, 0, 0),
(2, 138, 0, 0),
(2, 139, 0, 0),
(2, 140, 0, 0),
(2, 141, 0, 0),
(2, 142, 0, 0),
(2, 143, 0, 0),
(2, 144, 0, 0),
(2, 145, 0, 0),
(2, 146, 0, 0),
(2, 147, 0, 0),
(2, 148, 0, 0),
(2, 149, 0, 0),
(2, 150, 0, 0),
(2, 151, 0, 0),
(2, 152, 0, 0),
(2, 153, 0, 0),
(2, 154, 0, 0),
(2, 155, 0, 0),
(2, 156, 0, 0),
(2, 157, 0, 0),
(2, 158, 0, 0),
(2, 159, 0, 0),
(2, 160, 0, 0),
(2, 161, 0, 0),
(2, 162, 0, 0),
(2, 163, 0, 0),
(2, 164, 0, 0),
(2, 165, 0, 0),
(2, 166, 0, 0),
(2, 167, 0, 0),
(2, 168, 0, 0),
(2, 169, 0, 0),
(2, 170, 0, 0),
(2, 171, 0, 0),
(2, 172, 0, 0),
(2, 173, 0, 0),
(2, 174, 0, 0),
(2, 175, 0, 0),
(2, 176, 0, 0),
(2, 177, 0, 0),
(2, 178, 0, 0),
(2, 179, 0, 0),
(2, 180, 0, 0),
(2, 181, 0, 0),
(2, 182, 0, 0),
(2, 183, 0, 0),
(2, 184, 0, 0),
(2, 185, 0, 0),
(2, 186, 0, 0),
(2, 187, 0, 0),
(2, 188, 0, 0),
(2, 189, 0, 0),
(2, 190, 0, 0),
(2, 191, 0, 0),
(2, 192, 0, 0),
(2, 193, 0, 0),
(2, 194, 0, 0),
(2, 195, 0, 0),
(2, 196, 0, 0),
(2, 197, 0, 0),
(2, 198, 0, 0),
(2, 199, 0, 0),
(2, 200, 0, 0),
(2, 201, 0, 0),
(2, 202, 0, 0),
(2, 203, 0, 0),
(2, 204, 0, 0),
(2, 205, 0, 0),
(2, 206, 0, 0),
(2, 207, 0, 0),
(2, 208, 0, 0),
(2, 209, 0, 0),
(2, 210, 0, 0),
(2, 211, 0, 0),
(2, 212, 0, 0),
(2, 213, 0, 0),
(2, 214, 0, 0),
(2, 215, 0, 0),
(2, 216, 0, 0),
(2, 217, 0, 0),
(2, 218, 0, 0),
(2, 219, 0, 0),
(2, 220, 0, 0),
(2, 221, 0, 0),
(2, 222, 0, 0),
(2, 223, 0, 0),
(2, 224, 0, 0),
(2, 225, 0, 0),
(2, 226, 0, 0),
(2, 227, 0, 0),
(2, 228, 0, 0),
(2, 229, 0, 0),
(2, 230, 0, 0),
(2, 231, 0, 0),
(2, 232, 0, 0),
(2, 233, 0, 0),
(2, 234, 0, 0),
(2, 235, 0, 0),
(2, 236, 0, 0),
(2, 237, 0, 0),
(2, 238, 0, 0),
(2, 239, 0, 0),
(2, 240, 0, 0),
(2, 241, 0, 0),
(2, 242, 0, 0),
(2, 243, 0, 0),
(2, 244, 0, 0),
(2, 245, 0, 0),
(2, 246, 0, 0),
(2, 247, 0, 0),
(2, 248, 0, 0),
(2, 249, 0, 0),
(2, 250, 0, 0),
(2, 251, 0, 0),
(2, 252, 0, 0),
(2, 253, 0, 0),
(2, 254, 0, 0),
(2, 255, 0, 0),
(2, 256, 0, 0),
(2, 257, 0, 0),
(2, 258, 0, 0),
(2, 259, 0, 0),
(2, 260, 0, 0),
(2, 261, 0, 0),
(2, 262, 0, 0),
(2, 263, 0, 0),
(2, 264, 0, 0),
(2, 265, 0, 0),
(2, 266, 0, 0),
(2, 267, 0, 0),
(2, 268, 0, 0),
(2, 269, 0, 0),
(2, 270, 0, 0),
(2, 271, 0, 0),
(2, 272, 0, 0),
(2, 273, 0, 0),
(2, 274, 0, 0),
(2, 275, 0, 0),
(2, 276, 0, 0),
(2, 277, 0, 0),
(2, 278, 0, 0),
(2, 279, 0, 0),
(2, 280, 0, 0),
(2, 281, 0, 0),
(2, 282, 0, 0),
(2, 283, 0, 0),
(2, 284, 0, 0),
(2, 285, 0, 0),
(2, 286, 0, 0),
(2, 287, 0, 0),
(2, 288, 0, 0),
(2, 289, 0, 0),
(2, 290, 0, 0),
(2, 291, 0, 0),
(2, 292, 0, 0),
(2, 293, 0, 0),
(2, 294, 0, 0),
(2, 295, 0, 0),
(2, 296, 0, 0),
(2, 297, 0, 0),
(2, 298, 0, 0),
(2, 299, 0, 0),
(2, 300, 0, 0),
(2, 301, 0, 0),
(2, 302, 0, 0),
(2, 303, 0, 0),
(2, 304, 0, 0),
(2, 305, 0, 0),
(2, 306, 0, 0),
(2, 307, 0, 0),
(2, 308, 0, 0),
(2, 309, 0, 0),
(2, 310, 0, 0),
(2, 311, 0, 0),
(2, 312, 0, 0),
(2, 313, 0, 0),
(2, 314, 0, 0),
(2, 315, 0, 0),
(2, 316, 0, 0),
(2, 317, 0, 0),
(2, 318, 0, 0),
(2, 319, 0, 0),
(2, 320, 0, 0),
(2, 321, 0, 0),
(2, 322, 0, 0),
(2, 323, 0, 0),
(2, 324, 0, 0),
(2, 325, 0, 0),
(2, 326, 0, 0),
(2, 327, 0, 0),
(2, 328, 0, 0),
(2, 329, 0, 0),
(2, 330, 0, 0),
(2, 331, 0, 0),
(2, 332, 0, 0),
(2, 333, 0, 0),
(2, 334, 0, 0),
(2, 335, 0, 0),
(2, 336, 0, 0),
(2, 337, 0, 0),
(2, 338, 0, 0),
(2, 339, 0, 0),
(2, 340, 0, 0),
(2, 341, 0, 0),
(2, 342, 0, 0),
(2, 343, 0, 0),
(2, 344, 0, 0),
(2, 345, 0, 0),
(2, 346, 0, 0),
(2, 347, 0, 0),
(2, 348, 0, 0),
(2, 349, 0, 0),
(2, 350, 0, 0),
(2, 351, 0, 0),
(2, 352, 0, 0),
(2, 353, 0, 0),
(2, 354, 0, 0),
(2, 355, 0, 0),
(2, 356, 0, 0),
(2, 357, 0, 0),
(2, 358, 0, 0),
(2, 359, 0, 0),
(2, 360, 0, 0),
(2, 361, 0, 0),
(2, 362, 0, 0),
(2, 363, 0, 0),
(2, 364, 0, 0),
(2, 365, 0, 0),
(2, 366, 0, 0),
(2, 367, 0, 0),
(2, 368, 0, 0),
(2, 369, 0, 0),
(2, 370, 0, 0),
(2, 371, 0, 0),
(2, 372, 0, 0),
(2, 373, 0, 0),
(2, 374, 0, 0),
(2, 375, 0, 0),
(2, 376, 0, 0),
(2, 377, 0, 0),
(2, 378, 0, 0),
(2, 379, 0, 0),
(2, 380, 0, 0),
(2, 381, 0, 0),
(2, 382, 0, 0),
(2, 383, 0, 0),
(2, 384, 0, 0),
(2, 385, 0, 0),
(2, 386, 0, 0),
(2, 387, 0, 0),
(2, 388, 0, 0),
(2, 389, 0, 0),
(2, 390, 0, 0),
(2, 391, 0, 0),
(2, 392, 0, 0),
(2, 393, 0, 0),
(2, 394, 0, 0),
(2, 395, 0, 0),
(2, 396, 0, 0),
(2, 397, 0, 0),
(2, 398, 0, 0),
(2, 399, 0, 0),
(2, 400, 0, 0),
(2, 401, 0, 0),
(2, 402, 0, 0),
(2, 403, 0, 0),
(2, 404, 0, 0),
(2, 405, 0, 0),
(2, 406, 0, 0),
(2, 407, 0, 0),
(2, 408, 0, 0),
(2, 409, 0, 0),
(2, 410, 0, 0),
(2, 411, 0, 0),
(2, 412, 0, 0),
(2, 413, 0, 0),
(2, 414, 0, 0),
(2, 415, 0, 0),
(2, 416, 0, 0),
(2, 417, 0, 0),
(2, 418, 0, 0),
(2, 419, 0, 0),
(2, 420, 0, 0),
(2, 421, 0, 0),
(2, 422, 0, 0),
(2, 423, 0, 0),
(2, 424, 0, 0),
(2, 425, 0, 0),
(2, 426, 0, 0),
(2, 427, 0, 0),
(2, 428, 0, 0),
(2, 429, 0, 0),
(2, 430, 0, 0),
(2, 431, 0, 0),
(2, 432, 0, 0),
(2, 433, 0, 0),
(2, 434, 0, 0),
(2, 435, 0, 0),
(2, 436, 0, 0),
(2, 437, 0, 0),
(2, 438, 0, 0),
(2, 439, 0, 0),
(2, 440, 0, 0),
(2, 441, 0, 0),
(2, 442, 0, 0),
(2, 443, 0, 0),
(2, 444, 0, 0),
(2, 445, 0, 0),
(2, 446, 0, 0),
(2, 447, 0, 0),
(2, 448, 0, 0),
(2, 449, 0, 0),
(2, 450, 0, 0),
(2, 451, 0, 0),
(2, 452, 0, 0),
(2, 453, 0, 0),
(2, 454, 0, 0),
(2, 455, 0, 0),
(2, 456, 0, 0),
(2, 457, 0, 0),
(2, 458, 0, 0),
(2, 459, 0, 0),
(2, 460, 0, 0),
(2, 461, 0, 0),
(2, 462, 0, 0),
(2, 463, 0, 0),
(2, 464, 0, 0),
(2, 465, 0, 0),
(2, 466, 0, 0),
(2, 467, 0, 0),
(2, 468, 0, 0),
(2, 469, 0, 0),
(2, 470, 0, 0),
(2, 471, 0, 0),
(2, 472, 0, 0),
(2, 473, 0, 0),
(2, 474, 0, 0),
(2, 475, 0, 0),
(2, 476, 0, 0),
(2, 477, 0, 0),
(2, 478, 0, 0),
(2, 479, 0, 0),
(2, 480, 0, 0),
(2, 481, 0, 0),
(2, 482, 0, 0),
(2, 483, 0, 0),
(2, 484, 0, 0),
(2, 485, 0, 0),
(2, 486, 0, 0),
(2, 487, 0, 0),
(2, 488, 0, 0),
(2, 489, 0, 0),
(2, 490, 0, 0),
(2, 491, 0, 0),
(2, 492, 0, 0),
(2, 493, 0, 0),
(2, 494, 0, 0),
(2, 495, 0, 0),
(2, 496, 0, 0),
(2, 497, 0, 0),
(2, 498, 0, 0),
(2, 499, 0, 0),
(2, 500, 0, 0),
(2, 501, 0, 0),
(2, 502, 0, 0),
(2, 503, 0, 0),
(2, 504, 0, 0),
(2, 505, 0, 0),
(2, 506, 0, 0),
(2, 507, 0, 0),
(2, 508, 0, 0),
(2, 509, 0, 0),
(2, 510, 0, 0),
(2, 511, 0, 0),
(2, 512, 0, 0),
(2, 513, 0, 0),
(2, 514, 0, 0),
(2, 515, 0, 0),
(2, 516, 0, 0),
(2, 517, 0, 0),
(2, 518, 0, 0),
(2, 519, 0, 0),
(2, 520, 0, 0),
(2, 521, 0, 0),
(2, 522, 0, 0),
(2, 523, 0, 0),
(2, 524, 0, 0),
(2, 525, 0, 0),
(2, 526, 0, 0),
(2, 527, 0, 0),
(2, 528, 0, 0),
(2, 529, 0, 0),
(2, 530, 0, 0),
(2, 531, 0, 0),
(2, 532, 0, 0),
(2, 533, 0, 0),
(2, 534, 0, 0),
(2, 535, 0, 0),
(2, 536, 0, 0),
(2, 537, 0, 0),
(2, 538, 0, 0),
(2, 539, 0, 0),
(2, 540, 0, 0),
(2, 541, 0, 0),
(2, 542, 0, 0),
(2, 543, 0, 0),
(2, 544, 0, 0),
(2, 545, 0, 0),
(2, 546, 0, 0),
(2, 547, 0, 0),
(2, 548, 0, 0),
(2, 549, 0, 0),
(2, 550, 0, 0),
(2, 551, 0, 0),
(2, 552, 0, 0),
(2, 553, 0, 0),
(2, 554, 0, 0),
(2, 555, 0, 0),
(2, 556, 0, 0),
(2, 557, 0, 0),
(2, 558, 0, 0),
(2, 559, 0, 0),
(2, 560, 0, 0),
(2, 561, 0, 0),
(2, 562, 0, 0),
(2, 563, 0, 0),
(2, 564, 0, 0),
(2, 565, 0, 0),
(2, 566, 0, 0),
(2, 567, 0, 0),
(2, 568, 0, 0),
(2, 569, 0, 0),
(2, 570, 0, 0),
(2, 571, 0, 0),
(2, 572, 0, 0),
(2, 573, 0, 0),
(2, 574, 0, 0),
(2, 575, 0, 0),
(2, 576, 0, 0),
(2, 577, 0, 0),
(2, 578, 0, 0),
(2, 579, 0, 0),
(2, 580, 0, 0),
(2, 581, 0, 0),
(2, 582, 0, 0),
(2, 583, 0, 0),
(2, 584, 0, 0),
(2, 585, 0, 0),
(2, 586, 0, 0),
(2, 587, 0, 0),
(2, 588, 0, 0),
(2, 589, 0, 0),
(2, 590, 0, 0),
(2, 591, 0, 0),
(2, 592, 0, 0),
(2, 593, 0, 0),
(2, 594, 0, 0),
(2, 595, 0, 0),
(2, 596, 0, 0),
(2, 597, 0, 0),
(2, 598, 0, 0),
(2, 599, 0, 0),
(2, 600, 0, 0),
(2, 601, 0, 0),
(2, 602, 0, 0),
(2, 603, 0, 0),
(2, 604, 0, 0),
(2, 605, 0, 0),
(2, 606, 0, 0),
(2, 607, 0, 0),
(2, 608, 0, 0),
(2, 609, 0, 0),
(2, 610, 0, 0),
(2, 611, 0, 0),
(2, 612, 0, 0),
(2, 613, 0, 0),
(2, 614, 0, 0),
(2, 615, 0, 0),
(2, 616, 0, 0),
(2, 617, 0, 0),
(2, 618, 0, 0),
(2, 619, 0, 0),
(2, 620, 0, 0),
(2, 621, 0, 0),
(2, 622, 0, 0),
(2, 623, 0, 0),
(2, 624, 0, 0),
(2, 625, 0, 0),
(2, 626, 0, 0),
(2, 627, 0, 0),
(2, 628, 0, 0),
(2, 629, 0, 0),
(2, 630, 0, 0),
(2, 631, 0, 0),
(2, 632, 0, 0),
(2, 633, 0, 0),
(2, 634, 0, 0),
(2, 635, 0, 0),
(2, 636, 0, 0),
(2, 637, 0, 0),
(2, 638, 0, 0),
(2, 639, 0, 0),
(2, 640, 0, 0),
(2, 641, 0, 0),
(2, 642, 0, 0),
(2, 643, 0, 0),
(2, 644, 0, 0),
(2, 645, 0, 0),
(2, 646, 0, 0),
(2, 647, 0, 0),
(2, 648, 0, 0),
(2, 649, 0, 0),
(2, 650, 0, 0),
(2, 651, 0, 0),
(2, 652, 0, 0),
(2, 653, 0, 0),
(2, 654, 0, 0),
(2, 655, 0, 0),
(2, 656, 0, 0),
(2, 657, 0, 0),
(2, 658, 0, 0),
(2, 659, 0, 0),
(2, 660, 0, 0),
(2, 661, 0, 0),
(2, 662, 0, 0),
(2, 663, 0, 0),
(2, 664, 0, 0),
(2, 665, 0, 0),
(2, 666, 0, 0),
(2, 667, 0, 0),
(2, 668, 0, 0),
(2, 669, 0, 0),
(2, 670, 0, 0),
(2, 671, 0, 0),
(2, 672, 0, 0),
(2, 673, 0, 0),
(2, 674, 0, 0),
(2, 675, 0, 0),
(2, 676, 0, 0),
(2, 677, 0, 0),
(2, 678, 0, 0),
(2, 679, 0, 0),
(2, 680, 0, 0),
(2, 681, 0, 0),
(2, 682, 0, 0),
(2, 683, 0, 0),
(2, 684, 0, 0),
(2, 685, 0, 0),
(2, 686, 0, 0),
(2, 687, 0, 0),
(2, 688, 0, 0),
(2, 689, 0, 0),
(2, 690, 0, 0),
(2, 691, 0, 0),
(2, 692, 0, 0),
(2, 693, 0, 0),
(2, 694, 0, 0),
(2, 695, 0, 0),
(2, 696, 0, 0),
(2, 697, 0, 0),
(2, 698, 0, 0),
(2, 699, 0, 0),
(2, 700, 0, 0),
(2, 701, 0, 0),
(2, 702, 0, 0),
(2, 703, 0, 0),
(2, 704, 0, 0),
(2, 705, 0, 0),
(2, 706, 0, 0),
(2, 707, 0, 0),
(2, 708, 0, 0),
(2, 709, 0, 0),
(2, 710, 0, 0),
(2, 711, 0, 0),
(2, 712, 0, 0),
(2, 713, 0, 0),
(2, 714, 0, 0),
(2, 715, 0, 0),
(2, 716, 0, 0),
(2, 717, 0, 0),
(2, 718, 0, 0),
(2, 719, 0, 0),
(2, 720, 0, 0),
(2, 721, 0, 0),
(2, 722, 0, 0),
(2, 723, 0, 0),
(2, 724, 0, 0),
(2, 725, 0, 0),
(2, 726, 0, 0),
(2, 727, 0, 0),
(2, 728, 0, 0),
(2, 729, 0, 0),
(2, 730, 0, 0),
(2, 731, 0, 0),
(2, 732, 0, 0),
(2, 733, 0, 0),
(2, 734, 0, 0),
(2, 735, 0, 0),
(2, 736, 0, 0),
(2, 737, 0, 0),
(2, 738, 0, 0),
(2, 739, 0, 0),
(2, 740, 0, 0),
(2, 741, 0, 0),
(2, 742, 0, 0),
(2, 743, 0, 0),
(2, 744, 0, 0),
(2, 745, 0, 0),
(2, 746, 0, 0),
(2, 747, 0, 0),
(2, 748, 0, 0),
(2, 749, 0, 0),
(2, 750, 0, 0),
(2, 751, 0, 0),
(2, 752, 0, 0),
(2, 753, 0, 0),
(2, 754, 0, 0),
(2, 755, 0, 0),
(2, 756, 0, 0),
(2, 757, 0, 0),
(2, 758, 0, 0),
(2, 759, 0, 0),
(2, 760, 0, 0),
(2, 761, 0, 0),
(2, 762, 0, 0),
(2, 763, 0, 0),
(2, 764, 0, 0),
(2, 765, 0, 0),
(2, 766, 0, 0),
(2, 767, 0, 0),
(2, 768, 0, 0),
(2, 769, 0, 0),
(2, 770, 0, 0),
(2, 771, 0, 0),
(2, 772, 0, 0),
(2, 773, 0, 0),
(2, 774, 0, 0),
(2, 775, 0, 0),
(2, 776, 0, 0),
(2, 777, 0, 0),
(2, 778, 0, 0),
(2, 779, 0, 0),
(2, 780, 0, 0),
(2, 781, 0, 0),
(2, 782, 0, 0),
(2, 783, 0, 0),
(2, 784, 0, 0),
(2, 785, 0, 0),
(2, 786, 0, 0),
(2, 787, 0, 0),
(2, 788, 0, 0),
(2, 789, 0, 0),
(2, 790, 0, 0),
(2, 791, 0, 0),
(2, 792, 0, 0),
(2, 793, 0, 0),
(2, 794, 0, 0),
(2, 795, 0, 0),
(2, 796, 0, 0),
(2, 797, 0, 0),
(2, 798, 0, 0),
(2, 799, 0, 0),
(2, 800, 0, 0),
(2, 801, 0, 0),
(2, 802, 0, 0),
(2, 803, 0, 0),
(2, 804, 0, 0),
(2, 805, 0, 0),
(2, 806, 0, 0),
(2, 807, 0, 0),
(2, 808, 0, 0),
(2, 809, 0, 0),
(2, 810, 0, 0),
(2, 811, 0, 0),
(2, 812, 0, 0),
(2, 813, 0, 0),
(2, 814, 0, 0),
(2, 815, 0, 0),
(2, 816, 0, 0),
(2, 817, 0, 0),
(2, 818, 0, 0),
(2, 819, 0, 0),
(2, 820, 0, 0),
(2, 821, 0, 0),
(2, 822, 0, 0),
(2, 823, 0, 0),
(2, 824, 0, 0),
(2, 825, 0, 0),
(2, 826, 0, 0),
(2, 827, 0, 0),
(2, 828, 0, 0),
(2, 829, 0, 0),
(2, 830, 0, 0),
(2, 831, 0, 0),
(2, 832, 0, 0),
(2, 833, 0, 0),
(2, 834, 0, 0),
(2, 835, 0, 0),
(2, 836, 0, 0),
(2, 837, 0, 0),
(2, 838, 0, 0),
(2, 839, 0, 0),
(2, 840, 0, 0),
(2, 841, 0, 0),
(2, 842, 0, 0),
(2, 843, 0, 0),
(2, 844, 0, 0),
(2, 845, 0, 0),
(2, 846, 0, 0),
(2, 847, 0, 0),
(2, 848, 0, 0),
(2, 849, 0, 0),
(2, 850, 0, 0),
(2, 851, 0, 0),
(2, 852, 0, 0),
(2, 853, 0, 0),
(2, 854, 0, 0),
(2, 855, 0, 0),
(2, 856, 0, 0),
(2, 857, 0, 0),
(2, 858, 0, 0),
(2, 859, 0, 0),
(2, 860, 0, 0),
(2, 861, 0, 0),
(2, 862, 0, 0),
(2, 863, 0, 0),
(2, 864, 0, 0),
(2, 865, 0, 0),
(2, 866, 0, 0),
(2, 867, 0, 0),
(2, 868, 0, 0),
(2, 869, 0, 0),
(2, 870, 0, 0),
(2, 871, 0, 0),
(2, 872, 0, 0),
(2, 873, 0, 0),
(2, 874, 0, 0),
(2, 875, 0, 0),
(2, 876, 0, 0),
(2, 877, 0, 0),
(2, 878, 0, 0),
(2, 879, 0, 0),
(2, 880, 0, 0),
(2, 881, 0, 0),
(2, 882, 0, 0),
(2, 883, 0, 0),
(2, 884, 0, 0),
(2, 885, 0, 0),
(2, 886, 0, 0),
(2, 887, 0, 0),
(2, 888, 0, 0),
(2, 889, 0, 0),
(2, 890, 0, 0),
(2, 891, 0, 0),
(2, 892, 0, 0),
(2, 893, 0, 0),
(2, 894, 0, 0),
(2, 895, 0, 0),
(2, 1829, 0, 0),
(2, 1830, 0, 0),
(2, 1831, 0, 0),
(2, 1832, 0, 0),
(2, 1833, 0, 0),
(2, 1834, 0, 0),
(2, 1835, 0, 0),
(2, 1836, 0, 0),
(2, 1841, 0, 0),
(3, 1, 0, 0),
(3, 2, 0, 0),
(3, 34, 0, 0),
(3, 36, 0, 0),
(3, 55, 0, 0),
(3, 67, 0, 0),
(3, 75, 0, 0),
(3, 99, 0, 0),
(3, 100, 0, 0),
(3, 108, 0, 0),
(3, 121, 0, 0),
(3, 126, 0, 0),
(3, 128, 0, 0),
(3, 135, 0, 0),
(3, 141, 0, 0),
(3, 145, 0, 0),
(3, 153, 0, 0),
(3, 157, 0, 0),
(3, 158, 0, 0),
(3, 167, 0, 0),
(3, 168, 0, 0),
(3, 181, 0, 0),
(3, 190, 0, 0),
(3, 198, 0, 0),
(3, 200, 0, 0),
(3, 213, 0, 0),
(3, 217, 0, 0),
(3, 224, 0, 0),
(3, 256, 0, 0),
(3, 258, 0, 0),
(3, 298, 0, 0),
(3, 300, 0, 0),
(3, 302, 0, 0),
(3, 305, 0, 0),
(3, 317, 0, 0),
(3, 321, 0, 0),
(3, 322, 0, 0),
(3, 344, 0, 0),
(3, 346, 0, 0),
(3, 350, 0, 0),
(3, 351, 0, 0),
(3, 353, 0, 0),
(3, 367, 0, 0),
(3, 376, 0, 0),
(3, 386, 0, 0),
(3, 392, 0, 0),
(3, 393, 0, 0),
(3, 398, 0, 0),
(3, 400, 0, 0),
(3, 404, 0, 0),
(3, 421, 0, 0),
(3, 427, 0, 0),
(3, 430, 0, 0),
(3, 431, 0, 0),
(3, 442, 0, 0),
(3, 455, 0, 0),
(3, 456, 0, 0),
(3, 459, 0, 0),
(3, 461, 0, 0),
(3, 479, 0, 0),
(3, 483, 0, 0),
(3, 490, 0, 0),
(3, 492, 0, 0),
(3, 500, 0, 0),
(3, 515, 0, 0),
(3, 526, 0, 0),
(3, 530, 0, 0),
(3, 532, 0, 0),
(3, 540, 0, 0),
(3, 546, 0, 0),
(3, 549, 0, 0),
(3, 555, 0, 0),
(3, 566, 0, 0),
(3, 597, 0, 0),
(3, 608, 0, 0),
(3, 616, 0, 0),
(3, 621, 0, 0),
(3, 635, 0, 0),
(3, 639, 0, 0),
(3, 662, 0, 0),
(3, 669, 0, 0),
(3, 676, 0, 0),
(3, 684, 0, 0),
(3, 693, 0, 0),
(3, 704, 0, 0),
(3, 717, 0, 0),
(3, 718, 0, 0),
(3, 727, 0, 0),
(3, 737, 0, 0),
(3, 748, 0, 0),
(3, 751, 0, 0),
(3, 752, 0, 0),
(3, 764, 0, 0),
(3, 771, 0, 0),
(3, 787, 0, 0),
(3, 791, 0, 0),
(3, 800, 0, 0),
(3, 810, 0, 0),
(3, 811, 0, 0),
(3, 812, 0, 0),
(3, 813, 0, 0),
(3, 818, 0, 0),
(3, 819, 0, 0),
(3, 824, 0, 0),
(3, 829, 0, 0),
(3, 831, 0, 0),
(3, 840, 0, 0),
(3, 842, 0, 0),
(3, 843, 0, 0),
(3, 844, 0, 0),
(3, 847, 0, 0),
(3, 856, 0, 0),
(3, 857, 0, 0),
(3, 860, 0, 0),
(3, 866, 0, 0),
(3, 884, 0, 0),
(3, 894, 0, 0),
(3, 896, 0, 0),
(3, 897, 0, 0),
(3, 898, 0, 0),
(3, 899, 0, 0),
(3, 900, 0, 0),
(3, 901, 0, 0),
(3, 902, 0, 0),
(3, 903, 0, 0),
(3, 904, 0, 0),
(3, 905, 0, 0),
(3, 906, 0, 0),
(3, 907, 0, 0),
(3, 908, 0, 0),
(3, 909, 0, 0),
(3, 910, 0, 0),
(3, 911, 0, 0),
(3, 912, 0, 0),
(3, 913, 0, 0),
(3, 914, 0, 0),
(3, 915, 0, 0),
(3, 916, 0, 0),
(3, 917, 0, 0),
(3, 918, 0, 0),
(3, 919, 0, 0),
(3, 920, 0, 0),
(3, 921, 0, 0),
(3, 922, 0, 0),
(3, 923, 0, 0),
(3, 924, 0, 0),
(3, 925, 0, 0),
(3, 926, 0, 0),
(3, 927, 0, 0),
(3, 928, 0, 0),
(3, 929, 0, 0),
(3, 930, 0, 0),
(3, 931, 0, 0),
(3, 932, 0, 0),
(3, 933, 0, 0),
(3, 934, 0, 0),
(3, 935, 0, 0),
(3, 936, 0, 0),
(3, 937, 0, 0),
(3, 938, 0, 0),
(3, 939, 0, 0),
(3, 940, 0, 0),
(3, 941, 0, 0),
(3, 942, 0, 0),
(3, 943, 0, 0),
(3, 944, 0, 0),
(3, 945, 0, 0),
(3, 946, 0, 0),
(3, 947, 0, 0),
(3, 948, 0, 0),
(3, 949, 0, 0),
(3, 950, 0, 0),
(3, 951, 0, 0),
(3, 952, 0, 0),
(3, 953, 0, 0),
(3, 954, 0, 0),
(3, 955, 0, 0),
(3, 956, 0, 0),
(3, 957, 0, 0),
(3, 958, 0, 0),
(3, 959, 0, 0),
(3, 960, 0, 0),
(3, 961, 0, 0),
(3, 962, 0, 0),
(3, 963, 0, 0),
(3, 964, 0, 0),
(3, 965, 0, 0),
(3, 966, 0, 0),
(3, 967, 0, 0),
(3, 968, 0, 0),
(3, 969, 0, 0),
(3, 970, 0, 0),
(3, 971, 0, 0),
(3, 972, 0, 0),
(3, 973, 0, 0),
(3, 974, 0, 0),
(3, 975, 0, 0),
(3, 976, 0, 0),
(3, 977, 0, 0),
(3, 978, 0, 0),
(3, 979, 0, 0),
(3, 980, 0, 0),
(3, 981, 0, 0),
(3, 982, 0, 0),
(3, 983, 0, 0),
(3, 984, 0, 0),
(3, 985, 0, 0),
(3, 986, 0, 0),
(3, 987, 0, 0),
(3, 988, 0, 0),
(3, 989, 0, 0),
(3, 990, 0, 0),
(3, 991, 0, 0),
(3, 992, 0, 0),
(3, 993, 0, 0),
(3, 994, 0, 0),
(3, 995, 0, 0),
(3, 996, 0, 0),
(3, 997, 0, 0),
(3, 998, 0, 0),
(3, 999, 0, 0),
(3, 1000, 0, 0),
(3, 1001, 0, 0),
(3, 1002, 0, 0),
(3, 1003, 0, 0),
(3, 1004, 0, 0),
(3, 1005, 0, 0),
(3, 1006, 0, 0),
(3, 1007, 0, 0),
(3, 1008, 0, 0),
(3, 1009, 0, 0),
(3, 1010, 0, 0),
(3, 1011, 0, 0),
(3, 1012, 0, 0),
(3, 1013, 0, 0),
(3, 1014, 0, 0),
(3, 1015, 0, 0),
(3, 1016, 0, 0),
(3, 1017, 0, 0),
(3, 1018, 0, 0),
(3, 1019, 0, 0),
(3, 1020, 0, 0),
(3, 1021, 0, 0),
(3, 1022, 0, 0),
(3, 1023, 0, 0),
(3, 1024, 0, 0),
(3, 1025, 0, 0),
(3, 1026, 0, 0),
(3, 1027, 0, 0),
(3, 1028, 0, 0),
(3, 1029, 0, 0),
(3, 1030, 0, 0),
(3, 1031, 0, 0),
(3, 1032, 0, 0),
(3, 1033, 0, 0),
(3, 1034, 0, 0),
(3, 1035, 0, 0),
(3, 1036, 0, 0),
(3, 1037, 0, 0),
(3, 1038, 0, 0),
(3, 1039, 0, 0),
(3, 1040, 0, 0),
(3, 1041, 0, 0),
(3, 1042, 0, 0),
(3, 1043, 0, 0),
(3, 1044, 0, 0),
(3, 1045, 0, 0),
(3, 1046, 0, 0),
(3, 1047, 0, 0),
(3, 1048, 0, 0),
(3, 1049, 0, 0),
(3, 1050, 0, 0),
(3, 1051, 0, 0),
(3, 1052, 0, 0),
(3, 1053, 0, 0),
(3, 1054, 0, 0),
(3, 1055, 0, 0),
(3, 1056, 0, 0),
(3, 1057, 0, 0),
(3, 1058, 0, 0),
(3, 1059, 0, 0),
(3, 1060, 0, 0),
(3, 1061, 0, 0),
(3, 1062, 0, 0),
(3, 1063, 0, 0),
(3, 1064, 0, 0),
(3, 1065, 0, 0),
(3, 1066, 0, 0),
(3, 1067, 0, 0),
(3, 1068, 0, 0),
(3, 1069, 0, 0),
(3, 1070, 0, 0),
(3, 1071, 0, 0),
(3, 1072, 0, 0),
(3, 1073, 0, 0),
(3, 1074, 0, 0),
(3, 1075, 0, 0),
(3, 1076, 0, 0),
(3, 1077, 0, 0),
(3, 1078, 0, 0),
(3, 1079, 0, 0),
(3, 1080, 0, 0),
(3, 1081, 0, 0),
(3, 1082, 0, 0),
(3, 1083, 0, 0),
(3, 1084, 0, 0),
(3, 1085, 0, 0),
(3, 1086, 0, 0),
(3, 1087, 0, 0),
(3, 1088, 0, 0),
(3, 1089, 0, 0),
(3, 1090, 0, 0),
(3, 1091, 0, 0),
(3, 1092, 0, 0),
(3, 1093, 0, 0),
(3, 1094, 0, 0),
(3, 1095, 0, 0),
(3, 1096, 0, 0),
(3, 1097, 0, 0),
(3, 1098, 0, 0),
(3, 1099, 0, 0),
(3, 1100, 0, 0),
(3, 1101, 0, 0),
(3, 1102, 0, 0),
(3, 1103, 0, 0),
(3, 1104, 0, 0),
(3, 1105, 0, 0),
(3, 1106, 0, 0),
(3, 1107, 0, 0),
(3, 1108, 0, 0),
(3, 1109, 0, 0),
(3, 1110, 0, 0),
(3, 1111, 0, 0),
(3, 1112, 0, 0),
(3, 1113, 0, 0),
(3, 1114, 0, 0),
(3, 1115, 0, 0),
(3, 1116, 0, 0),
(3, 1117, 0, 0),
(3, 1118, 0, 0),
(3, 1119, 0, 0),
(3, 1120, 0, 0),
(3, 1121, 0, 0),
(3, 1122, 0, 0),
(3, 1123, 0, 0),
(3, 1124, 0, 0),
(3, 1125, 0, 0),
(3, 1126, 0, 0),
(3, 1127, 0, 0),
(3, 1128, 0, 0),
(3, 1129, 0, 0),
(3, 1130, 0, 0),
(3, 1131, 0, 0),
(3, 1132, 0, 0),
(3, 1133, 0, 0),
(3, 1134, 0, 0),
(3, 1135, 0, 0),
(3, 1136, 0, 0),
(3, 1137, 0, 0),
(3, 1138, 0, 0),
(3, 1139, 0, 0),
(3, 1140, 0, 0),
(3, 1141, 0, 0),
(3, 1142, 0, 0),
(3, 1143, 0, 0),
(3, 1144, 0, 0),
(3, 1145, 0, 0),
(3, 1146, 0, 0),
(3, 1147, 0, 0),
(3, 1148, 0, 0),
(3, 1149, 0, 0),
(3, 1150, 0, 0),
(3, 1151, 0, 0),
(3, 1152, 0, 0),
(3, 1153, 0, 0),
(3, 1154, 0, 0),
(3, 1155, 0, 0),
(3, 1156, 0, 0),
(3, 1157, 0, 0),
(3, 1158, 0, 0),
(3, 1159, 0, 0),
(3, 1160, 0, 0),
(3, 1161, 0, 0),
(3, 1162, 0, 0),
(3, 1163, 0, 0),
(3, 1164, 0, 0),
(3, 1165, 0, 0),
(3, 1166, 0, 0),
(3, 1167, 0, 0),
(3, 1168, 0, 0),
(3, 1169, 0, 0),
(3, 1170, 0, 0),
(3, 1171, 0, 0),
(3, 1172, 0, 0),
(3, 1173, 0, 0),
(3, 1174, 0, 0),
(3, 1175, 0, 0),
(3, 1176, 0, 0),
(3, 1177, 0, 0),
(3, 1178, 0, 0),
(3, 1179, 0, 0),
(3, 1180, 0, 0),
(3, 1181, 0, 0),
(3, 1182, 0, 0),
(3, 1183, 0, 0),
(3, 1184, 0, 0),
(3, 1185, 0, 0),
(3, 1186, 0, 0),
(3, 1187, 0, 0),
(3, 1188, 0, 0),
(3, 1189, 0, 0),
(3, 1190, 0, 0),
(3, 1191, 0, 0),
(3, 1192, 0, 0),
(3, 1193, 0, 0),
(3, 1194, 0, 0),
(3, 1195, 0, 0),
(3, 1196, 0, 0),
(3, 1197, 0, 0),
(3, 1198, 0, 0),
(3, 1199, 0, 0),
(3, 1200, 0, 0),
(3, 1201, 0, 0),
(3, 1202, 0, 0),
(3, 1203, 0, 0),
(3, 1204, 0, 0),
(3, 1205, 0, 0),
(3, 1206, 0, 0),
(3, 1207, 0, 0),
(3, 1208, 0, 0),
(3, 1209, 0, 0),
(3, 1210, 0, 0),
(3, 1211, 0, 0),
(3, 1212, 0, 0),
(3, 1213, 0, 0),
(3, 1214, 0, 0),
(3, 1215, 0, 0),
(3, 1216, 0, 0),
(3, 1217, 0, 0),
(3, 1218, 0, 0),
(3, 1219, 0, 0),
(3, 1220, 0, 0),
(3, 1221, 0, 0),
(3, 1222, 0, 0),
(3, 1223, 0, 0),
(3, 1224, 0, 0),
(3, 1225, 0, 0),
(3, 1226, 0, 0),
(3, 1227, 0, 0),
(3, 1228, 0, 0),
(3, 1229, 0, 0),
(3, 1230, 0, 0),
(3, 1231, 0, 0),
(3, 1232, 0, 0),
(3, 1233, 0, 0),
(3, 1234, 0, 0),
(3, 1235, 0, 0),
(3, 1236, 0, 0),
(3, 1237, 0, 0),
(3, 1238, 0, 0),
(3, 1239, 0, 0),
(3, 1240, 0, 0),
(3, 1241, 0, 0),
(3, 1242, 0, 0),
(3, 1243, 0, 0),
(3, 1244, 0, 0),
(3, 1245, 0, 0),
(3, 1246, 0, 0),
(3, 1247, 0, 0),
(3, 1248, 0, 0),
(3, 1249, 0, 0),
(3, 1250, 0, 0),
(3, 1251, 0, 0),
(3, 1252, 0, 0),
(3, 1253, 0, 0),
(3, 1254, 0, 0),
(3, 1255, 0, 0),
(3, 1256, 0, 0),
(3, 1257, 0, 0),
(3, 1258, 0, 0),
(3, 1259, 0, 0),
(3, 1260, 0, 0),
(3, 1261, 0, 0),
(3, 1262, 0, 0),
(3, 1263, 0, 0),
(3, 1264, 0, 0),
(3, 1265, 0, 0),
(3, 1266, 0, 0),
(3, 1267, 0, 0),
(3, 1268, 0, 0),
(3, 1269, 0, 0),
(3, 1270, 0, 0),
(3, 1271, 0, 0),
(3, 1272, 0, 0),
(3, 1273, 0, 0),
(3, 1274, 0, 0),
(3, 1275, 0, 0),
(3, 1276, 0, 0),
(3, 1277, 0, 0),
(3, 1278, 0, 0),
(3, 1279, 0, 0),
(3, 1280, 0, 0),
(3, 1281, 0, 0),
(3, 1282, 0, 0),
(3, 1283, 0, 0),
(3, 1284, 0, 0),
(3, 1285, 0, 0),
(3, 1286, 0, 0),
(3, 1287, 0, 0),
(3, 1288, 0, 0),
(3, 1289, 0, 0),
(3, 1290, 0, 0),
(3, 1291, 0, 0),
(3, 1292, 0, 0),
(3, 1293, 0, 0),
(3, 1294, 0, 0),
(3, 1295, 0, 0),
(3, 1296, 0, 0),
(3, 1297, 0, 0),
(3, 1298, 0, 0),
(3, 1299, 0, 0),
(3, 1300, 0, 0),
(3, 1301, 0, 0),
(3, 1302, 0, 0),
(3, 1303, 0, 0),
(3, 1304, 0, 0),
(3, 1305, 0, 0),
(3, 1306, 0, 0),
(3, 1307, 0, 0),
(3, 1308, 0, 0),
(3, 1309, 0, 0),
(3, 1310, 0, 0),
(3, 1311, 0, 0),
(3, 1312, 0, 0),
(3, 1313, 0, 0),
(3, 1314, 0, 0),
(3, 1315, 0, 0),
(3, 1316, 0, 0),
(3, 1317, 0, 0),
(3, 1318, 0, 0),
(3, 1319, 0, 0),
(3, 1320, 0, 0),
(3, 1321, 0, 0),
(3, 1322, 0, 0),
(3, 1323, 0, 0),
(3, 1324, 0, 0),
(3, 1325, 0, 0),
(3, 1326, 0, 0),
(3, 1327, 0, 0),
(3, 1328, 0, 0),
(3, 1329, 0, 0),
(3, 1330, 0, 0),
(3, 1331, 0, 0),
(3, 1332, 0, 0),
(3, 1333, 0, 0),
(3, 1334, 0, 0),
(3, 1335, 0, 0),
(3, 1336, 0, 0),
(3, 1337, 0, 0),
(3, 1338, 0, 0),
(3, 1339, 0, 0),
(3, 1340, 0, 0),
(3, 1341, 0, 0),
(3, 1342, 0, 0),
(3, 1343, 0, 0),
(3, 1344, 0, 0),
(3, 1345, 0, 0),
(3, 1346, 0, 0),
(3, 1347, 0, 0),
(3, 1348, 0, 0),
(3, 1349, 0, 0),
(3, 1350, 0, 0),
(3, 1351, 0, 0),
(3, 1352, 0, 0),
(3, 1353, 0, 0),
(3, 1354, 0, 0),
(3, 1355, 0, 0),
(3, 1356, 0, 0),
(3, 1357, 0, 0),
(3, 1358, 0, 0),
(3, 1359, 0, 0),
(3, 1360, 0, 0),
(3, 1361, 0, 0),
(3, 1362, 0, 0),
(3, 1363, 0, 0),
(3, 1364, 0, 0),
(3, 1365, 0, 0),
(3, 1366, 0, 0),
(3, 1367, 0, 0),
(3, 1368, 0, 0),
(3, 1369, 0, 0),
(3, 1370, 0, 0),
(3, 1371, 0, 0),
(3, 1372, 0, 0),
(3, 1373, 0, 0),
(3, 1374, 0, 0),
(3, 1375, 0, 0),
(3, 1376, 0, 0),
(3, 1377, 0, 0),
(3, 1378, 0, 0),
(3, 1379, 0, 0),
(3, 1380, 0, 0),
(3, 1381, 0, 0),
(3, 1382, 0, 0),
(3, 1383, 0, 0),
(3, 1384, 0, 0),
(3, 1385, 0, 0),
(3, 1386, 0, 0),
(3, 1387, 0, 0),
(3, 1388, 0, 0),
(3, 1389, 0, 0),
(3, 1390, 0, 0),
(3, 1391, 0, 0),
(3, 1392, 0, 0),
(3, 1393, 0, 0),
(3, 1394, 0, 0),
(3, 1395, 0, 0),
(3, 1396, 0, 0),
(3, 1397, 0, 0),
(3, 1398, 0, 0),
(3, 1399, 0, 0),
(3, 1400, 0, 0),
(3, 1401, 0, 0),
(3, 1402, 0, 0),
(3, 1403, 0, 0),
(3, 1404, 0, 0),
(3, 1405, 0, 0),
(3, 1406, 0, 0),
(3, 1407, 0, 0),
(3, 1408, 0, 0),
(3, 1409, 0, 0),
(3, 1410, 0, 0),
(3, 1411, 0, 0),
(3, 1412, 0, 0),
(3, 1413, 0, 0),
(3, 1414, 0, 0),
(3, 1415, 0, 0),
(3, 1416, 0, 0),
(3, 1417, 0, 0),
(3, 1418, 0, 0),
(3, 1419, 0, 0),
(3, 1420, 0, 0),
(3, 1421, 0, 0),
(3, 1422, 0, 0),
(3, 1423, 0, 0),
(3, 1424, 0, 0),
(3, 1425, 0, 0),
(3, 1426, 0, 0),
(3, 1427, 0, 0),
(3, 1428, 0, 0),
(3, 1429, 0, 0),
(3, 1430, 0, 0),
(3, 1431, 0, 0),
(3, 1432, 0, 0),
(3, 1433, 0, 0),
(3, 1837, 0, 0),
(3, 1838, 0, 0),
(3, 1839, 0, 0),
(4, 1, 0, 0),
(4, 2, 0, 0),
(4, 36, 0, 0),
(4, 84, 0, 0),
(4, 141, 0, 0),
(4, 196, 0, 0),
(4, 227, 0, 0),
(4, 295, 0, 0),
(4, 309, 0, 0),
(4, 325, 0, 0),
(4, 387, 0, 0),
(4, 445, 0, 0),
(4, 456, 0, 0),
(4, 483, 0, 0),
(4, 547, 0, 0),
(4, 570, 0, 0),
(4, 581, 0, 0),
(4, 584, 0, 0),
(4, 597, 0, 0),
(4, 602, 0, 0),
(4, 622, 0, 0),
(4, 706, 0, 0),
(4, 708, 0, 0),
(4, 709, 0, 0),
(4, 713, 0, 0),
(4, 739, 0, 0),
(4, 750, 0, 0),
(4, 770, 0, 0),
(4, 771, 0, 0),
(4, 783, 0, 0),
(4, 800, 0, 0),
(4, 811, 0, 0),
(4, 819, 0, 0),
(4, 835, 0, 0),
(4, 838, 0, 0),
(4, 840, 0, 0),
(4, 842, 0, 0),
(4, 844, 0, 0),
(4, 871, 0, 0),
(4, 878, 0, 0),
(4, 884, 0, 0),
(4, 894, 0, 0),
(4, 896, 0, 0),
(4, 897, 0, 0),
(4, 937, 0, 0),
(4, 945, 0, 0),
(4, 953, 0, 0),
(4, 969, 0, 0),
(4, 988, 0, 0),
(4, 1022, 0, 0),
(4, 1033, 0, 0),
(4, 1035, 0, 0),
(4, 1042, 0, 0),
(4, 1053, 0, 0),
(4, 1054, 0, 0),
(4, 1074, 0, 0),
(4, 1085, 0, 0),
(4, 1088, 0, 0),
(4, 1101, 0, 0),
(4, 1105, 0, 0),
(4, 1107, 0, 0),
(4, 1112, 0, 0),
(4, 1114, 0, 0),
(4, 1141, 0, 0),
(4, 1149, 0, 0),
(4, 1159, 0, 0),
(4, 1169, 0, 0),
(4, 1180, 0, 0),
(4, 1183, 0, 0),
(4, 1192, 0, 0),
(4, 1199, 0, 0),
(4, 1201, 0, 0),
(4, 1205, 0, 0),
(4, 1207, 0, 0),
(4, 1209, 0, 0),
(4, 1212, 0, 0),
(4, 1216, 0, 0),
(4, 1230, 0, 0),
(4, 1232, 0, 0),
(4, 1240, 0, 0),
(4, 1241, 0, 0),
(4, 1255, 0, 0),
(4, 1265, 0, 0),
(4, 1267, 0, 0),
(4, 1284, 0, 0),
(4, 1286, 0, 0),
(4, 1299, 0, 0),
(4, 1302, 0, 0),
(4, 1303, 0, 0),
(4, 1332, 0, 0),
(4, 1334, 0, 0),
(4, 1338, 0, 0),
(4, 1394, 0, 0),
(4, 1398, 0, 0),
(4, 1399, 0, 0),
(4, 1407, 0, 0),
(4, 1428, 0, 0),
(4, 1430, 0, 0),
(4, 1434, 0, 0),
(4, 1435, 0, 0),
(4, 1436, 0, 0),
(4, 1437, 0, 0),
(4, 1438, 0, 0),
(4, 1439, 0, 0),
(4, 1440, 0, 0),
(4, 1441, 0, 0),
(4, 1442, 0, 0),
(4, 1443, 0, 0),
(4, 1444, 0, 0),
(4, 1445, 0, 0),
(4, 1446, 0, 0),
(4, 1447, 0, 0),
(4, 1448, 0, 0),
(4, 1449, 0, 0),
(4, 1450, 0, 0),
(4, 1451, 0, 0),
(4, 1452, 0, 0),
(4, 1453, 0, 0),
(4, 1454, 0, 0),
(4, 1455, 0, 0),
(4, 1456, 0, 0),
(4, 1457, 0, 0),
(4, 1458, 0, 0),
(4, 1459, 0, 0),
(4, 1460, 0, 0),
(4, 1461, 0, 0),
(4, 1462, 0, 0),
(4, 1463, 0, 0),
(4, 1464, 0, 0),
(4, 1465, 0, 0),
(4, 1466, 0, 0),
(4, 1467, 0, 0),
(4, 1468, 0, 0),
(4, 1469, 0, 0),
(4, 1470, 0, 0),
(4, 1471, 0, 0),
(4, 1472, 0, 0),
(4, 1473, 0, 0),
(4, 1474, 0, 0),
(4, 1475, 0, 0),
(4, 1476, 0, 0),
(4, 1477, 0, 0),
(4, 1478, 0, 0),
(4, 1479, 0, 0),
(4, 1480, 0, 0),
(4, 1481, 0, 0),
(4, 1482, 0, 0),
(4, 1483, 0, 0),
(4, 1484, 0, 0),
(4, 1485, 0, 0),
(4, 1486, 0, 0),
(4, 1487, 0, 0),
(4, 1488, 0, 0),
(4, 1489, 0, 0),
(4, 1490, 0, 0),
(4, 1491, 0, 0),
(4, 1492, 0, 0),
(4, 1493, 0, 0),
(4, 1494, 0, 0),
(4, 1495, 0, 0),
(4, 1496, 0, 0),
(4, 1497, 0, 0),
(4, 1498, 0, 0),
(4, 1499, 0, 0),
(4, 1500, 0, 0),
(4, 1501, 0, 0),
(4, 1502, 0, 0),
(4, 1503, 0, 0),
(4, 1504, 0, 0),
(4, 1505, 0, 0),
(4, 1506, 0, 0),
(4, 1507, 0, 0),
(4, 1508, 0, 0),
(4, 1509, 0, 0),
(4, 1510, 0, 0),
(4, 1511, 0, 0),
(4, 1512, 0, 0),
(4, 1513, 0, 0),
(4, 1514, 0, 0),
(4, 1515, 0, 0),
(4, 1516, 0, 0),
(4, 1517, 0, 0),
(4, 1518, 0, 0),
(4, 1519, 0, 0),
(4, 1520, 0, 0),
(4, 1521, 0, 0),
(4, 1522, 0, 0),
(4, 1523, 0, 0),
(4, 1524, 0, 0),
(4, 1525, 0, 0),
(4, 1526, 0, 0),
(4, 1527, 0, 0),
(4, 1528, 0, 0),
(4, 1529, 0, 0),
(4, 1530, 0, 0),
(4, 1531, 0, 0),
(4, 1532, 0, 0),
(4, 1533, 0, 0),
(4, 1534, 0, 0),
(4, 1535, 0, 0),
(4, 1536, 0, 0),
(4, 1537, 0, 0),
(4, 1538, 0, 0),
(4, 1539, 0, 0),
(4, 1540, 0, 0),
(4, 1541, 0, 0),
(4, 1542, 0, 0),
(4, 1543, 0, 0),
(4, 1544, 0, 0),
(4, 1545, 0, 0),
(4, 1546, 0, 0),
(4, 1547, 0, 0),
(4, 1548, 0, 0),
(4, 1549, 0, 0),
(4, 1550, 0, 0),
(4, 1551, 0, 0),
(4, 1552, 0, 0),
(4, 1553, 0, 0),
(4, 1554, 0, 0),
(4, 1555, 0, 0),
(4, 1556, 0, 0),
(4, 1557, 0, 0),
(4, 1558, 0, 0),
(4, 1559, 0, 0),
(4, 1560, 0, 0),
(4, 1561, 0, 0),
(4, 1562, 0, 0),
(4, 1563, 0, 0),
(4, 1564, 0, 0),
(4, 1565, 0, 0),
(4, 1566, 0, 0),
(4, 1567, 0, 0),
(4, 1568, 0, 0),
(4, 1569, 0, 0),
(4, 1570, 0, 0),
(4, 1571, 0, 0),
(4, 1572, 0, 0),
(4, 1573, 0, 0),
(4, 1574, 0, 0),
(4, 1575, 0, 0),
(4, 1576, 0, 0),
(4, 1577, 0, 0),
(4, 1578, 0, 0),
(4, 1579, 0, 0),
(4, 1580, 0, 0),
(4, 1581, 0, 0),
(4, 1582, 0, 0),
(4, 1583, 0, 0),
(4, 1584, 0, 0),
(4, 1585, 0, 0),
(4, 1586, 0, 0),
(4, 1587, 0, 0),
(4, 1588, 0, 0),
(4, 1589, 0, 0),
(4, 1590, 0, 0),
(4, 1591, 0, 0),
(4, 1592, 0, 0),
(4, 1593, 0, 0),
(4, 1594, 0, 0),
(4, 1595, 0, 0),
(4, 1596, 0, 0),
(4, 1597, 0, 0),
(4, 1598, 0, 0),
(4, 1599, 0, 0),
(4, 1600, 0, 0),
(4, 1601, 0, 0),
(4, 1602, 0, 0),
(4, 1603, 0, 0),
(4, 1604, 0, 0),
(4, 1605, 0, 0),
(4, 1606, 0, 0),
(4, 1607, 0, 0),
(4, 1608, 0, 0),
(4, 1609, 0, 0),
(4, 1610, 0, 0),
(4, 1611, 0, 0),
(4, 1612, 0, 0),
(4, 1613, 0, 0),
(4, 1614, 0, 0),
(4, 1615, 0, 0),
(4, 1616, 0, 0),
(4, 1617, 0, 0),
(4, 1618, 0, 0),
(4, 1619, 0, 0),
(4, 1620, 0, 0),
(4, 1621, 0, 0),
(4, 1622, 0, 0),
(4, 1623, 0, 0),
(4, 1624, 0, 0),
(4, 1625, 0, 0),
(4, 1626, 0, 0),
(4, 1627, 0, 0),
(4, 1628, 0, 0),
(4, 1629, 0, 0),
(4, 1630, 0, 0),
(4, 1631, 0, 0),
(4, 1632, 0, 0),
(4, 1633, 0, 0),
(4, 1634, 0, 0),
(4, 1635, 0, 0),
(4, 1636, 0, 0),
(4, 1637, 0, 0),
(4, 1638, 0, 0),
(4, 1639, 0, 0),
(4, 1640, 0, 0),
(4, 1641, 0, 0),
(4, 1642, 0, 0),
(4, 1643, 0, 0),
(4, 1644, 0, 0),
(4, 1645, 0, 0),
(4, 1646, 0, 0),
(4, 1647, 0, 0),
(4, 1648, 0, 0),
(4, 1649, 0, 0),
(4, 1650, 0, 0),
(4, 1651, 0, 0),
(4, 1652, 0, 0),
(4, 1653, 0, 0),
(4, 1654, 0, 0),
(4, 1655, 0, 0),
(4, 1656, 0, 0),
(4, 1657, 0, 0),
(4, 1658, 0, 0),
(4, 1659, 0, 0),
(4, 1660, 0, 0),
(4, 1661, 0, 0),
(4, 1662, 0, 0),
(4, 1663, 0, 0),
(4, 1664, 0, 0),
(4, 1665, 0, 0),
(4, 1666, 0, 0),
(4, 1667, 0, 0),
(4, 1668, 0, 0),
(4, 1669, 0, 0),
(4, 1670, 0, 0),
(4, 1671, 0, 0),
(4, 1672, 0, 0),
(4, 1673, 0, 0),
(4, 1674, 0, 0),
(4, 1675, 0, 0),
(4, 1676, 0, 0),
(4, 1677, 0, 0),
(4, 1678, 0, 0),
(4, 1679, 0, 0),
(4, 1680, 0, 0),
(4, 1681, 0, 0),
(4, 1682, 0, 0),
(4, 1683, 0, 0),
(4, 1684, 0, 0),
(4, 1685, 0, 0),
(4, 1686, 0, 0),
(4, 1687, 0, 0),
(4, 1688, 0, 0),
(4, 1689, 0, 0),
(4, 1690, 0, 0),
(4, 1691, 0, 0),
(4, 1692, 0, 0),
(4, 1693, 0, 0),
(4, 1694, 0, 0),
(4, 1695, 0, 0),
(4, 1696, 0, 0),
(4, 1697, 0, 0),
(4, 1698, 0, 0),
(4, 1699, 0, 0),
(4, 1700, 0, 0),
(4, 1701, 0, 0),
(4, 1702, 0, 0),
(4, 1703, 0, 0),
(4, 1704, 0, 0),
(4, 1705, 0, 0),
(4, 1706, 0, 0),
(4, 1707, 0, 0),
(4, 1708, 0, 0),
(4, 1709, 0, 0),
(4, 1710, 0, 0),
(4, 1711, 0, 0),
(4, 1712, 0, 0),
(4, 1713, 0, 0),
(4, 1714, 0, 0),
(4, 1715, 0, 0),
(4, 1716, 0, 0),
(4, 1717, 0, 0),
(4, 1718, 0, 0),
(4, 1719, 0, 0),
(4, 1720, 0, 0),
(4, 1721, 0, 0),
(4, 1722, 0, 0),
(4, 1723, 0, 0),
(4, 1724, 0, 0),
(4, 1725, 0, 0),
(4, 1726, 0, 0),
(4, 1727, 0, 0),
(4, 1728, 0, 0),
(4, 1729, 0, 0),
(4, 1730, 0, 0),
(4, 1731, 0, 0),
(4, 1732, 0, 0),
(4, 1733, 0, 0),
(4, 1734, 0, 0),
(4, 1735, 0, 0),
(4, 1736, 0, 0),
(4, 1737, 0, 0),
(4, 1738, 0, 0),
(4, 1739, 0, 0),
(4, 1740, 0, 0),
(4, 1741, 0, 0),
(4, 1742, 0, 0),
(4, 1743, 0, 0),
(4, 1744, 0, 0),
(4, 1745, 0, 0),
(4, 1746, 0, 0),
(4, 1747, 0, 0),
(4, 1748, 0, 0),
(4, 1749, 0, 0),
(4, 1750, 0, 0),
(4, 1751, 0, 0),
(4, 1752, 0, 0),
(4, 1753, 0, 0),
(4, 1754, 0, 0),
(4, 1755, 0, 0),
(4, 1756, 0, 0),
(4, 1757, 0, 0),
(4, 1758, 0, 0),
(4, 1759, 0, 0),
(4, 1760, 0, 0),
(4, 1761, 0, 0),
(4, 1762, 0, 0),
(4, 1763, 0, 0),
(4, 1764, 0, 0),
(4, 1765, 0, 0),
(4, 1766, 0, 0),
(4, 1767, 0, 0),
(4, 1768, 0, 0),
(4, 1769, 0, 0),
(4, 1770, 0, 0),
(4, 1771, 0, 0),
(4, 1772, 0, 0),
(4, 1773, 0, 0),
(4, 1774, 0, 0),
(4, 1775, 0, 0),
(4, 1776, 0, 0),
(4, 1777, 0, 0),
(4, 1778, 0, 0),
(4, 1779, 0, 0),
(4, 1780, 0, 0),
(4, 1781, 0, 0),
(4, 1782, 0, 0),
(4, 1783, 0, 0),
(4, 1784, 0, 0),
(4, 1785, 0, 0),
(4, 1786, 0, 0),
(4, 1787, 0, 0),
(4, 1788, 0, 0),
(4, 1789, 0, 0),
(4, 1790, 0, 0),
(4, 1791, 0, 0),
(4, 1792, 0, 0),
(4, 1793, 0, 0),
(4, 1794, 0, 0),
(4, 1795, 0, 0),
(4, 1796, 0, 0),
(4, 1797, 0, 0),
(4, 1798, 0, 0),
(4, 1799, 0, 0),
(4, 1800, 0, 0),
(4, 1801, 0, 0),
(4, 1802, 0, 0),
(4, 1803, 0, 0),
(4, 1804, 0, 0),
(4, 1805, 0, 0),
(4, 1806, 0, 0),
(4, 1807, 0, 0),
(4, 1808, 0, 0),
(4, 1809, 0, 0),
(4, 1810, 0, 0),
(4, 1811, 0, 0),
(4, 1812, 0, 0),
(4, 1813, 0, 0),
(4, 1814, 0, 0),
(4, 1815, 0, 0),
(4, 1816, 0, 0),
(4, 1817, 0, 0),
(4, 1818, 0, 0),
(4, 1819, 0, 0),
(4, 1820, 0, 0),
(4, 1821, 0, 0),
(4, 1822, 0, 0),
(4, 1823, 0, 0),
(4, 1824, 0, 0),
(4, 1825, 0, 0),
(4, 1826, 0, 0),
(4, 1827, 0, 0),
(4, 1834, 0, 0),
(4, 1836, 0, 0),
(4, 1838, 0, 0),
(4, 1840, 0, 0);

-- --------------------------------------------------------

-- 
-- Table structure for table `commands`
-- 

DROP TABLE IF EXISTS `commands`;
CREATE TABLE IF NOT EXISTS `commands` (
  `id` int(11) NOT NULL auto_increment,
  `command` varchar(255) NOT NULL,
  `reply_to` varchar(255) NOT NULL,
  PRIMARY KEY  (`id`)
) ENGINE=InnoDB DEFAULT CHARSET=latin1 AUTO_INCREMENT=1 ;

-- 
-- Dumping data for table `commands`
-- 


-- --------------------------------------------------------

-- 
-- Table structure for table `irc_identity`
-- 

DROP TABLE IF EXISTS `irc_identity`;
CREATE TABLE IF NOT EXISTS `irc_identity` (
  `id` int(11) NOT NULL auto_increment,
  `user_id` int(11) default NULL,
  `is_online` int(11) default '0',
  `ident` varchar(255) default NULL,
  `realname` varchar(255) default NULL,
  `host` varchar(255) default NULL,
  `server` varchar(255) default NULL,
  `ircop` int(11) default '0',
  `is_away` int(11) default '0',
  `last_quit_time` datetime default NULL,
  `last_quit_message` text,
  PRIMARY KEY  (`id`),
  KEY `irc_identity_FI_1` (`user_id`)
) ENGINE=InnoDB DEFAULT CHARSET=latin1 AUTO_INCREMENT=864 ;

-- 
-- Dumping data for table `irc_identity`
-- 

INSERT INTO `irc_identity` (`id`, `user_id`, `is_online`, `ident`, `realname`, `host`, `server`, `ircop`, `is_away`, `last_quit_time`, `last_quit_message`) VALUES (1, NULL, 1, 'n=mee', '', 'dslb-084-056-056-206.pools.arcor-ip.net', 'irc.freenode.net', 0, 0, NULL, NULL),
(2, NULL, 1, 'n=kaos', '', 'dslb-084-056-056-206.pools.arcor-ip.net', 'irc.freenode.net', 0, 0, NULL, NULL),
(3, NULL, 1, 'n=luke`', '', '59.92.205.209', 'irc.freenode.net', 0, 0, NULL, NULL),
(4, NULL, 1, 'n=gmflash', '', 'cpe-71-66-115-64.neo.res.rr.com', 'irc.freenode.net', 0, 0, NULL, NULL),
(5, NULL, 1, 'n=MrJeep', '', 'modemcable175.240-202-24.mc.videotron.ca', 'irc.freenode.net', 0, 0, NULL, NULL),
(6, NULL, 1, 'n=impl', '', 'httpcraft/php/impl', 'irc.freenode.net', 0, 0, NULL, NULL),
(7, NULL, 1, 'n=RossC0', '', 'teamjr.plus.com', 'irc.freenode.net', 0, 0, NULL, NULL),
(8, NULL, 1, 'n=Wombert', '', 'dslb-084-056-056-206.pools.arcor-ip.net', 'irc.freenode.net', 0, 0, NULL, NULL),
(9, NULL, 1, 'n=eremit', '', 'p5490F691.dip.t-dialin.net', 'irc.freenode.net', 0, 0, NULL, NULL),
(10, NULL, 1, 'n=Miranda', '', 'a81-197-134-106.elisa-laajakaista.fi', 'irc.freenode.net', 0, 0, NULL, NULL),
(11, NULL, 1, 'n=tjorri', '', 'kosh.hut.fi', 'irc.freenode.net', 0, 0, NULL, NULL),
(12, NULL, 1, 'n=splatch', '', 's3.przytulski.net', 'irc.freenode.net', 0, 0, NULL, NULL),
(13, NULL, 1, 'i=cia', '', 'cia.navi.cx', 'irc.freenode.net', 0, 0, NULL, NULL),
(14, NULL, 1, 'n=um', '', 'noc.cavokintl.com', 'irc.freenode.net', 0, 0, NULL, NULL),
(15, NULL, 1, 'i=vmakinen', '', 'phantom.daug.net', 'irc.freenode.net', 0, 0, NULL, NULL),
(16, NULL, 0, NULL, NULL, NULL, NULL, 0, 0, '2007-01-28 05:49:11', ''),
(17, NULL, 1, 'n=DeepY0X', '', '201.240.54.244', 'irc.freenode.net', 0, 0, NULL, NULL),
(18, NULL, 1, 'n=chatzill', '', '65-78-17-184.c3-0.nwt-ubr2.sbo-nwt.ma.cable.rcn.com', 'irc.freenode.net', 0, 0, NULL, NULL),
(19, NULL, 1, 'n=watashi-', '', '200.88.4.200', 'irc.freenode.net', 0, 0, NULL, NULL),
(20, NULL, 1, 'n=engle', '', '81-179-119-190.dsl.pipex.com', 'irc.freenode.net', 0, 0, NULL, NULL),
(21, NULL, 1, 'n=pichu010', '', 'adsl-68-253-236-215.dsl.emhril.ameritech.net', 'irc.freenode.net', 0, 0, NULL, NULL),
(22, NULL, 1, 'n=sgithens', '', 'c-71-201-56-4.hsd1.il.comcast.net', 'irc.freenode.net', 0, 0, NULL, NULL),
(23, NULL, 1, 'n=ryan', '', '71.31.57.211', 'irc.freenode.net', 0, 0, NULL, NULL),
(24, NULL, 1, 'n=rd', '', '19.20.233.220.exetel.com.au', 'irc.freenode.net', 0, 0, NULL, NULL),
(25, NULL, 1, 'n=shish', '0 Shaheed Hakim', '201.229.199.238', 'irc.freenode.net', 0, 0, NULL, NULL),
(26, NULL, 1, 'n=luzariba', '', 'cpe-66-68-245-2.rgv.res.rr.com', 'irc.freenode.net', 0, 0, NULL, NULL),
(27, NULL, 1, 'n=Freaky', '', 'c-24-22-13-109.hsd1.or.comcast.net', 'irc.freenode.net', 0, 0, NULL, NULL),
(28, NULL, 1, 'n=qwerty', '', '59.92.59.86', 'irc.freenode.net', 0, 0, NULL, NULL),
(29, NULL, 1, 'n=kenthoms', '0 kenthomson', '59.95.220.252', 'irc.freenode.net', 0, 0, NULL, NULL),
(30, NULL, 1, 'n=jriffle', '', '24-217-86-104.dhcp.stls.mo.charter.com', 'irc.freenode.net', 0, 0, NULL, NULL),
(31, NULL, 1, 'n=malvo', '', '71-80-138-219.dhcp.rvsd.ca.charter.com', 'irc.freenode.net', 0, 0, NULL, NULL),
(32, NULL, 1, 'n=pc3', '', '222.124.224.99', 'irc.freenode.net', 0, 0, NULL, NULL),
(33, NULL, 1, 'n=cstudent', '', '67.129.197.198', 'irc.freenode.net', 0, 0, NULL, NULL),
(34, NULL, 1, 'n=cstrippi', '', 'adsl-69-110-69-83.dsl.sktn01.pacbell.net', 'irc.freenode.net', 0, 0, NULL, NULL),
(35, NULL, 1, 'i=bhaal', '', 'freenode/staff/bhaal', 'irc.freenode.net', 0, 0, NULL, NULL),
(36, NULL, 1, 'n=moo', '', 'whn092.wlan.wharton.UPENN.EDU', 'irc.freenode.net', 0, 0, NULL, NULL),
(37, NULL, 1, 'n=blitz', '', 'p54ACE530.dip.t-dialin.net', 'irc.freenode.net', 0, 0, NULL, NULL),
(38, NULL, 1, 'n=seravita', '', '60-240-192-119.static.tpgi.com.au', 'irc.freenode.net', 0, 0, NULL, NULL),
(39, NULL, 1, 'n=andy', '0 Andy Mornes', '24-119-150-57.cpe.cableone.net', 'irc.freenode.net', 0, 0, NULL, NULL),
(40, NULL, 1, 'n=mpan', '', 'a88-112-31-186.elisa-laajakaista.fi', 'irc.freenode.net', 0, 0, NULL, NULL),
(41, NULL, 1, 'n=jason', '', '24-107-200-85.dhcp.stls.mo.charter.com', 'irc.freenode.net', 0, 0, NULL, NULL),
(42, NULL, 1, 'n=jeff', '', 'CPE0000e26ebb11-CM0011e67eb589.cpe.net.cable.rogers.com', 'irc.freenode.net', 0, 0, NULL, NULL),
(43, NULL, 1, 'n=idaho', '', '200.84.167.223', 'irc.freenode.net', 0, 0, NULL, NULL),
(44, NULL, 1, 'n=cin', '', 'unaffiliated/cin', 'irc.freenode.net', 0, 0, NULL, NULL),
(45, NULL, 1, 'n=jp', '', 'c-68-63-128-118.hsd1.pa.comcast.net', 'irc.freenode.net', 0, 0, NULL, NULL),
(46, NULL, 1, 'n=asmodeos', '', 'cpe-024-088-093-157.sc.res.rr.com', 'irc.freenode.net', 0, 0, NULL, NULL),
(47, NULL, 1, 'i=mixx', '', 'd60-65-201-134.col.wideopenwest.com', 'irc.freenode.net', 0, 0, NULL, NULL),
(48, NULL, 1, 'n=skimo', '', 'adsl196-138-35-217-196.adsl196-10.iam.net.ma', 'irc.freenode.net', 0, 1, NULL, NULL),
(49, NULL, 1, 'n=transgre', '', '68.191.137.186', 'irc.freenode.net', 0, 0, NULL, NULL),
(50, NULL, 1, 'i=xjjk', '', '75.160.49.66', 'irc.freenode.net', 0, 0, NULL, NULL),
(51, NULL, 1, 'i=UPP', '', 'c-68-81-7-199.hsd1.de.comcast.net', 'irc.freenode.net', 0, 0, NULL, NULL),
(52, NULL, 1, 'n=blah', '', 'c-68-51-218-205.hsd1.ga.comcast.net', 'irc.freenode.net', 0, 0, NULL, NULL),
(53, NULL, 1, 'n=sicutdeu', '', '190.72.25.237', 'irc.freenode.net', 0, 0, NULL, NULL),
(54, NULL, 1, 'n=davidjoh', '', 'cpe-24-166-248-12.cinci.res.rr.com', 'irc.freenode.net', 0, 0, NULL, NULL),
(55, NULL, 1, 'n=bwlang', '', 'bb-66-55-211-238.gwi.net', 'irc.freenode.net', 0, 0, NULL, NULL),
(56, NULL, 1, 'n=Shadow', '', 'cpe-76-174-187-28.socal.res.rr.com', 'irc.freenode.net', 0, 0, NULL, NULL),
(57, NULL, 1, 'n=robin', '', '124-8-23-2.dynamic.tfn.net.tw', 'irc.freenode.net', 0, 0, NULL, NULL),
(58, NULL, 1, 'i=user', '', 'c-24-16-120-34.hsd1.wa.comcast.net', 'irc.freenode.net', 0, 0, NULL, NULL),
(59, NULL, 1, 'n=User', '', 'xdsl-213-168-117-134.netcologne.de', 'irc.freenode.net', 0, 0, NULL, NULL),
(60, NULL, 1, 'n=jameskit', '', 'ool-44c1e281.dyn.optonline.net', 'irc.freenode.net', 0, 1, NULL, NULL),
(61, NULL, 1, 'n=steven', '0 Steve Williams', 'office.homefrontus.com', 'irc.freenode.net', 0, 0, NULL, NULL),
(62, NULL, 1, 'n=intrico', '', 'c-67-182-52-242.hsd1.ca.comcast.net', 'irc.freenode.net', 0, 0, NULL, NULL),
(63, NULL, 1, 'n=na', '', 'pool-162-83-246-221.ny5030.east.verizon.net', 'irc.freenode.net', 0, 0, NULL, NULL),
(64, NULL, 1, 'n=nerd', '', '200.103.144.116', 'irc.freenode.net', 0, 0, NULL, NULL),
(65, NULL, 1, 'n=ivanhoe', '0 ivanhoe', '189.163.147.86', 'irc.freenode.net', 0, 0, NULL, NULL),
(66, NULL, 1, 'n=mikejans', '', '24-116-56-231.cpe.cableone.net', 'irc.freenode.net', 0, 0, NULL, NULL),
(67, NULL, 1, 'n=concept1', '', 'ppp-70-251-155-119.dsl.rcsntx.swbell.net', 'irc.freenode.net', 0, 0, NULL, NULL),
(68, NULL, 1, 'n=Tomcat', '', 'p54A1AF02.dip0.t-ipconnect.de', 'irc.freenode.net', 0, 0, NULL, NULL),
(69, NULL, 1, 'n=vordul', '', 'bas2-hamilton14-1167919838.dsl.bell.ca', 'irc.freenode.net', 0, 0, NULL, NULL),
(70, NULL, 1, 'n=chris', '', 'S01060016b649355d.ed.shawcable.net', 'irc.freenode.net', 0, 0, NULL, NULL),
(71, NULL, 1, 'n=shaolin', '', 'p5481FB92.dip.t-dialin.net', 'irc.freenode.net', 0, 0, NULL, NULL),
(72, NULL, 1, 'n=Angus', '', 'pdpc/supporter/student/DarthShrine', 'irc.freenode.net', 0, 0, NULL, NULL),
(73, NULL, 1, 'n=idleone', '', 'unaffiliated/idleone', 'irc.freenode.net', 0, 0, NULL, NULL),
(74, NULL, 1, 'n=bryce', '', 'ppp235-203.static.internode.on.net', 'irc.freenode.net', 0, 1, NULL, NULL),
(75, NULL, 1, 'n=fourat', '', '196.203.53.221', 'irc.freenode.net', 0, 0, NULL, NULL),
(76, NULL, 1, 'n=Brownie', '', 'c-69-248-19-223.hsd1.pa.comcast.net', 'irc.freenode.net', 0, 0, NULL, NULL),
(77, NULL, 1, 'i=nobody', '', 'host-84-9-189-109.bulldogdsl.com', 'irc.freenode.net', 0, 0, NULL, NULL),
(78, NULL, 1, 'n=Shifty', '', 'c-69-181-26-13.hsd1.ca.comcast.net', 'irc.freenode.net', 0, 0, NULL, NULL),
(79, NULL, 1, 'n=owner', '', 'dialup-4.91.105.155.Dial1.Orlando1.Level3.net', 'irc.freenode.net', 0, 0, NULL, NULL),
(80, NULL, 1, 'n=jbirk', '', 'ppp-71-128-209-4.dsl.sndg02.pacbell.net', 'irc.freenode.net', 0, 0, NULL, NULL),
(81, NULL, 1, 'n=gigaclon', '', 'n159s030.ntc.blacksburg.shentel.net', 'irc.freenode.net', 0, 0, NULL, NULL),
(82, NULL, 1, 'n=gardar', '', 'dsl-230-247.hive.is', 'irc.freenode.net', 0, 1, NULL, NULL),
(83, NULL, 1, 'n=ktogias', '', 'ppp123-235.adsl.forthnet.gr', 'irc.freenode.net', 0, 1, NULL, NULL),
(84, NULL, 1, 'n=justin', '', '210.213.143.194', 'irc.freenode.net', 0, 1, NULL, NULL),
(85, NULL, 1, 'n=danielb', '', '209.34.247.240', 'irc.freenode.net', 0, 0, NULL, NULL),
(86, NULL, 1, 'i=neostyle', '', 'chello213047124050.36.11.vie.surfer.at', 'irc.freenode.net', 0, 0, NULL, NULL),
(87, NULL, 1, 'i=UPP', '', 'cpe-72-129-76-110.socal.res.rr.com', 'irc.freenode.net', 0, 0, NULL, NULL),
(88, NULL, 1, 'n=jordan', '', 'c-76-18-130-15.hsd1.tn.comcast.net', 'irc.freenode.net', 0, 0, NULL, NULL),
(89, NULL, 1, 'n=Miranda', '', 'c-68-55-61-145.hsd1.md.comcast.net', 'irc.freenode.net', 0, 0, NULL, NULL),
(90, NULL, 1, 'n=jordo23', '', 'CPE-70-94-33-31.wi.res.rr.com', 'irc.freenode.net', 0, 0, NULL, NULL),
(91, NULL, 1, 'n=martin91', '', 'ppp-62-216-198-71.dynamic.mnet-online.de', 'irc.freenode.net', 0, 0, NULL, NULL),
(92, NULL, 1, 'n=kporter', '0 Kevin Porter', 'rrcs-67-78-122-67.sw.biz.rr.com', 'irc.freenode.net', 0, 0, NULL, NULL),
(93, NULL, 1, 'n=maximbo', '', '89.109.233.213', 'irc.freenode.net', 0, 0, NULL, NULL),
(94, NULL, 1, 'n=Whity', '', '60-234-132-74.bitstream.orcon.net.nz', 'irc.freenode.net', 0, 0, NULL, NULL),
(95, NULL, 1, 'n=manuhack', '', 'dyn-160-39-17-243.dyn.columbia.edu', 'irc.freenode.net', 0, 0, NULL, NULL),
(96, NULL, 1, 'n=Snake', '', '203-214-18-221.dyn.iinet.net.au', 'irc.freenode.net', 0, 0, NULL, NULL),
(97, NULL, 1, 'n=dfm21', '', 'p5496FFC8.dip.t-dialin.net', 'irc.freenode.net', 0, 0, NULL, NULL),
(98, NULL, 1, 'n=graft', '', 'c-66-30-27-29.hsd1.ma.comcast.net', 'irc.freenode.net', 0, 0, NULL, NULL),
(99, NULL, 1, 'n=steady', '', 'ip70-160-26-12.hr.hr.cox.net', 'irc.freenode.net', 0, 0, NULL, NULL),
(100, NULL, 1, 'n=inono', '', 'isr5911.urh.uiuc.edu', 'irc.freenode.net', 0, 0, NULL, NULL),
(101, NULL, 1, 'n=zdux0012', '', 'cpe-66-8-232-78.hawaii.res.rr.com', 'irc.freenode.net', 0, 0, NULL, NULL),
(102, NULL, 1, 'n=yuki', '', 'pool-72-67-65-11.lsanca.dsl-w.verizon.net', 'irc.freenode.net', 0, 0, NULL, NULL),
(103, NULL, 1, 'n=zak', '', '067.a.001.beg.iprimus.net.au', 'irc.freenode.net', 0, 0, NULL, NULL),
(104, NULL, 1, 'n=joh', '', '3.80-202-221.nextgentel.com', 'irc.freenode.net', 0, 0, NULL, NULL),
(105, NULL, 1, 'i=Oompa', '', 'cpe-76-185-186-242.tx.res.rr.com', 'irc.freenode.net', 0, 0, NULL, NULL),
(106, NULL, 1, 'n=renay', '', 'c-67-173-244-170.hsd1.co.comcast.net', 'irc.freenode.net', 0, 1, NULL, NULL),
(107, NULL, 1, 'n=aBiNg', '', '221.6.29.75', 'irc.freenode.net', 0, 0, NULL, NULL),
(108, NULL, 1, 'n=bhagabhi', '', 'h45n1c1o269.bredband.skanova.com', 'irc.freenode.net', 0, 0, NULL, NULL),
(109, NULL, 1, 'n=ddd', '', 'CPE001195f553c7-CM0011aea484a4.cpe.net.cable.rogers.com', 'irc.freenode.net', 0, 0, NULL, NULL),
(110, NULL, 1, 'i=hans', '', 'e179051036.adsl.alicedsl.de', 'irc.freenode.net', 0, 0, NULL, NULL),
(111, NULL, 1, 'n=deg0nz', '', 'pD953694E.dip.t-dialin.net', 'irc.freenode.net', 0, 0, NULL, NULL),
(112, NULL, 1, 'n=gnomefre', '', 'ubuntu/member/gnomefreak', 'irc.freenode.net', 0, 1, NULL, NULL),
(113, NULL, 1, 'n=cpk1', '', 'sjs-130-65-211-115.sjsu.edu', 'irc.freenode.net', 0, 0, NULL, NULL),
(114, NULL, 1, 'n=pdxkid', '', 'c-71-236-202-132.hsd1.or.comcast.net', 'irc.freenode.net', 0, 0, NULL, NULL),
(115, NULL, 1, 'n=sri_', '', '202.63.100.54', 'irc.freenode.net', 0, 0, NULL, NULL),
(116, NULL, 1, 'n=weiyan', '0 weiyh', '61.49.177.142', 'irc.freenode.net', 0, 0, NULL, NULL),
(117, NULL, 1, 'n=coir', '', 'ip-129-15-131-252.fescfwsm.ou.edu', 'irc.freenode.net', 0, 0, NULL, NULL),
(118, NULL, 1, 'n=jlewis', '', 'solo.atlantic.net', 'irc.freenode.net', 0, 0, NULL, NULL),
(119, NULL, 1, 'n=wakawaka', '', 'guifications/user/r0bby', 'irc.freenode.net', 0, 0, NULL, NULL),
(120, NULL, 1, 'n=dangan', '', 'ppp110-53.lns1.hba1.internode.on.net', 'irc.freenode.net', 0, 0, NULL, NULL),
(121, NULL, 1, 'n=master_o', '', 'p85.212.142.120.tisdip.tiscali.de', 'irc.freenode.net', 0, 0, NULL, NULL),
(122, NULL, 1, 'n=Bhaskar', '', '202.79.37.177', 'irc.freenode.net', 0, 0, NULL, NULL),
(123, NULL, 1, 'n=darth_an', '', 'adsl-70-241-138-89.dsl.hstntx.swbell.net', 'irc.freenode.net', 0, 0, NULL, NULL),
(124, NULL, 1, 'n=email', '', 'ppp-71-136-59-235.dsl.sndg02.pacbell.net', 'irc.freenode.net', 0, 0, NULL, NULL),
(125, NULL, 1, 'n=xnit-01', '', 'ppp-69-238-212-66.dsl.irvnca.pacbell.net', 'irc.freenode.net', 0, 0, NULL, NULL),
(126, NULL, 1, 'n=rafailow', '', 'tuxic.moustik.org', 'irc.freenode.net', 0, 0, NULL, NULL),
(127, NULL, 1, 'n=carlhako', '', 'ppp107-67.lns2.bne4.internode.on.net', 'irc.freenode.net', 0, 0, NULL, NULL),
(128, NULL, 1, 'n=user01', '', 'adsl-66-72-63-236.dsl.klmzmi.ameritech.net', 'irc.freenode.net', 0, 0, NULL, NULL),
(129, NULL, 1, 'n=Trevi', '', 'host11-166-static.104-80-b.business.telecomitalia.it', 'irc.freenode.net', 0, 0, NULL, NULL),
(130, NULL, 1, 'n=kyral', '', 'ubuntu/member/kyral', 'irc.freenode.net', 0, 1, NULL, NULL),
(131, NULL, 1, 'n=kyja', '', '70-41-157-167.cust.wildblue.net', 'irc.freenode.net', 0, 0, NULL, NULL),
(132, NULL, 1, 'n=xtknight', '', 'c-68-43-122-102.hsd1.mi.comcast.net', 'irc.freenode.net', 0, 0, NULL, NULL),
(133, NULL, 1, 'n=ck3k', '', '209-204-158-168.dsl.static.sonic.net', 'irc.freenode.net', 0, 0, NULL, NULL),
(134, NULL, 1, 'i=jroes', '', 'negation.unixnetwork.net', 'irc.freenode.net', 0, 0, NULL, NULL),
(135, NULL, 1, 'n=thug', '', 'host-84-9-15-252.bulldogdsl.com', 'irc.freenode.net', 0, 0, NULL, NULL),
(136, NULL, 1, 'n=edwin', '', '222.165.98.32', 'irc.freenode.net', 0, 0, NULL, NULL),
(137, NULL, 1, 'n=bobdilla', '', '68-191-9-096.dhcp.plt.ny.charter.com', 'irc.freenode.net', 0, 0, NULL, NULL),
(138, NULL, 1, 'n=darkmatt', '', '206-163-248-49.yktn.hsdb.sasknet.sk.ca', 'irc.freenode.net', 0, 0, NULL, NULL),
(139, NULL, 1, 'n=deep', '', 'c-992a71d5.017-19-626c671.cust.bredbandsbolaget.se', 'irc.freenode.net', 0, 0, NULL, NULL),
(140, NULL, 1, 'n=sune', '', '0x55510b65.adsl.cybercity.dk', 'irc.freenode.net', 0, 0, NULL, NULL),
(141, NULL, 1, 'i=nalioth', '', 'freenode/staff/ubuntu.member.nalioth', 'irc.freenode.net', 0, 0, NULL, NULL),
(142, NULL, 1, 'n=morgan_m', '', 'S0106000f3dbad481.ed.shawcable.net', 'irc.freenode.net', 0, 0, NULL, NULL),
(143, NULL, 1, 'n=chatzill', '', 'cpe-66-69-44-83.satx.res.rr.com', 'irc.freenode.net', 0, 1, NULL, NULL),
(144, NULL, 1, 'n=rip', '', 'd216-232-199-196.bchsia.telus.net', 'irc.freenode.net', 0, 0, NULL, NULL),
(145, NULL, 1, 'n=dm', '', 'p54B31559.dip0.t-ipconnect.de', 'irc.freenode.net', 0, 0, NULL, NULL),
(146, NULL, 1, 'n=siucdude', '', 'adsl-68-77-32-192.dsl.emhril.ameritech.net', 'irc.freenode.net', 0, 0, NULL, NULL),
(147, NULL, 1, 'n=Bassguy', '', 'dpc6744177076.direcpc.com', 'irc.freenode.net', 0, 0, NULL, NULL),
(148, NULL, 1, 'n=visi', '', 'unaffiliated/visik7', 'irc.freenode.net', 0, 0, NULL, NULL),
(149, NULL, 1, 'n=volcom', '', 'cpe-75-83-237-185.socal.res.rr.com', 'irc.freenode.net', 0, 0, NULL, NULL),
(150, NULL, 1, 'n=fox9', '', '61.109.98.8', 'irc.freenode.net', 0, 0, NULL, NULL),
(151, NULL, 1, 'n=darryl', '', '66.212.43.242', 'irc.freenode.net', 0, 0, NULL, NULL),
(152, NULL, 1, 'n=tommi', '', 'dsl-kvlmmlgw1-feb7fa00-204.dhcp.inet.fi', 'irc.freenode.net', 0, 0, NULL, NULL),
(153, NULL, 1, 'n=bismark', '', '200.55.161.39', 'irc.freenode.net', 0, 0, NULL, NULL),
(154, NULL, 1, 'n=chatzill', '', 'wsip-70-183-176-79.rn.hr.cox.net', 'irc.freenode.net', 0, 0, NULL, NULL),
(155, NULL, 1, 'n=kairu', '', 'softbank221108010089.bbtec.net', 'irc.freenode.net', 0, 0, NULL, NULL),
(156, NULL, 1, 'n=cyphase', '', 'c-71-202-49-23.hsd1.ca.comcast.net', 'irc.freenode.net', 0, 0, NULL, NULL),
(157, NULL, 1, 'n=condimen', '', 'adsl-154-197-110.jax.bellsouth.net', 'irc.freenode.net', 0, 0, NULL, NULL),
(158, NULL, 1, 'n=hegemon', '', '220-244-61-150.static.tpgi.com.au', 'irc.freenode.net', 0, 0, NULL, NULL),
(159, NULL, 1, 'n=terry', '', 'c-71-197-77-245.hsd1.ca.comcast.net', 'irc.freenode.net', 0, 0, NULL, NULL),
(160, NULL, 1, 'n=bflong', '', '70.44.55.112', 'irc.freenode.net', 0, 0, NULL, NULL),
(161, NULL, 1, 'n=fcrick', '', '71.231.2.84', 'irc.freenode.net', 0, 0, NULL, NULL),
(162, NULL, 1, 'n=slyfox', '', 'CPE0014bf7b993b-CM000f9f808008.cpe.net.cable.rogers.com', 'irc.freenode.net', 0, 0, NULL, NULL),
(163, NULL, 1, 'n=doubleyo', '', '71-93-44-46.static.snlo.ca.charter.com', 'irc.freenode.net', 0, 0, NULL, NULL),
(164, NULL, 1, 'n=rexbron', '', 'CPE001310b2d1d1-CM0012256e816a.cpe.net.cable.rogers.com', 'irc.freenode.net', 0, 0, NULL, NULL),
(165, NULL, 1, 'n=nolimits', '', '176.139.216.81.static.vhe.siw.siwnet.net', 'irc.freenode.net', 0, 0, NULL, NULL),
(166, NULL, 1, 'n=jae', '', '53-89.netblk-69-41-89.coolaccess.net', 'irc.freenode.net', 0, 0, NULL, NULL),
(167, NULL, 1, 'n=joe', '', 'pu105586.student.Princeton.EDU', 'irc.freenode.net', 0, 0, NULL, NULL),
(168, NULL, 1, 'i=flashnet', '', '17.15.185.213.dk-hvi.res.sta.perspektivbredband.net', 'irc.freenode.net', 0, 0, NULL, NULL),
(169, NULL, 1, 'n=edit', '', '124.6.171.149', 'irc.freenode.net', 0, 0, NULL, NULL),
(170, NULL, 1, 'n=prxq', '', 'C58c0.c.strato-dslnet.de', 'irc.freenode.net', 0, 0, NULL, NULL),
(171, NULL, 1, 'n=rpedro', '', '87-196-41-250.net.novis.pt', 'irc.freenode.net', 0, 0, NULL, NULL),
(172, NULL, 1, 'n=ross', '', 'cor8-ppp4281.hay.dsl.connect.net.au', 'irc.freenode.net', 0, 0, NULL, NULL),
(173, NULL, 1, 'n=mistaed', '', '87.212.233.220.exetel.com.au', 'irc.freenode.net', 0, 0, NULL, NULL),
(174, NULL, 1, 'n=modisch', '', 'c-69-255-1-160.hsd1.va.comcast.net', 'irc.freenode.net', 0, 0, NULL, NULL),
(175, NULL, 1, 'n=Donovan', '', 'unaffiliated/phos-phoros', 'irc.freenode.net', 0, 0, NULL, NULL),
(176, NULL, 1, 'n=kaptengu', '', 'c213-100-60-132.swipnet.se', 'irc.freenode.net', 0, 0, NULL, NULL),
(177, NULL, 1, 'n=juano', '', 'r190-0-131-4.dialup.adsl.anteldata.net.uy', 'irc.freenode.net', 0, 0, NULL, NULL),
(178, NULL, 1, 'n=kelsin', '', 'c-71-192-101-200.hsd1.ma.comcast.net', 'irc.freenode.net', 0, 1, NULL, NULL),
(179, NULL, 1, 'n=dhull', '', '134-7-178-69.static.gci.net', 'irc.freenode.net', 0, 0, NULL, NULL),
(180, NULL, 1, 'n=swami', '', 'subnet1.t19.ctv.tuiasi.ro', 'irc.freenode.net', 0, 0, NULL, NULL),
(181, NULL, 1, 'n=sparr', '', 'pdpc/supporter/active/sparr', 'irc.freenode.net', 0, 0, NULL, NULL),
(182, NULL, 1, 'n=hagabaka', '', 'unaffiliated/hagabaka', 'irc.freenode.net', 0, 0, NULL, NULL),
(183, NULL, 1, 'n=rem', '', 'gve-gix-adsl-dynip-129-166.vtx.ch', 'irc.freenode.net', 0, 0, NULL, NULL),
(184, NULL, 1, 'n=Hobbsee', '', 'ubuntu/member/hobbsee', 'irc.freenode.net', 0, 0, NULL, NULL),
(185, NULL, 1, 'n=sid', '', '74-131-213-94.dhcp.insightbb.com', 'irc.freenode.net', 0, 0, NULL, NULL),
(186, NULL, 1, 'n=Iceman', '', 'r6ah11.net.upc.cz', 'irc.freenode.net', 0, 0, NULL, NULL),
(187, NULL, 1, 'n=nicocin', '', '68-185-207-18.dhcp.dntn.tx.charter.com', 'irc.freenode.net', 0, 1, NULL, NULL),
(188, NULL, 1, 'n=Hawk', '', 'p57A52DC9.dip0.t-ipconnect.de', 'irc.freenode.net', 0, 0, NULL, NULL),
(189, NULL, 1, 'n=echosyst', '', 'dsl-203-113-236-97.SA.netspace.net.au', 'irc.freenode.net', 0, 0, NULL, NULL),
(190, NULL, 1, 'n=a', '', 'mail.wjsgroup.com', 'irc.freenode.net', 0, 1, NULL, NULL),
(191, NULL, 1, 'n=dgs', '', '203-109-237-155.bliink.ihug.co.nz', 'irc.freenode.net', 0, 0, NULL, NULL),
(192, NULL, 1, 'n=ChatZill', '', 'CPE000d8846b4a2-CM000039050c63.cpe.net.cable.rogers.com', 'irc.freenode.net', 0, 0, NULL, NULL),
(193, NULL, 1, 'n=TJ', '', 'hephaestion.tjworld.net', 'irc.freenode.net', 0, 0, NULL, NULL),
(194, NULL, 1, 'n=kvirc', '', 'd54C53DD4.access.telenet.be', 'irc.freenode.net', 0, 0, NULL, NULL),
(195, NULL, 1, 'n=troy', '', 'ubuntu/member/zenwhen', 'irc.freenode.net', 0, 0, NULL, NULL),
(196, NULL, 1, 'n=juancarl', '', 'c-69-180-31-161.hsd1.ga.comcast.net', 'irc.freenode.net', 0, 0, NULL, NULL),
(197, NULL, 1, 'n=asanchez', '', '78.Red-80-35-162.staticIP.rima-tde.net', 'irc.freenode.net', 0, 0, NULL, NULL),
(198, NULL, 1, 'n=user', '', 'pD9E9F992.dip.t-dialin.net', 'irc.freenode.net', 0, 0, NULL, NULL),
(199, NULL, 1, 'n=tommy', '', '81-233-197-124-no88.tbcn.telia.com', 'irc.freenode.net', 0, 0, NULL, NULL),
(200, NULL, 1, 'n=HoneyPot', '', 'about/philosophy/galga', 'irc.freenode.net', 0, 0, NULL, NULL),
(201, NULL, 1, 'n=datachil', '', '217-208-144-87-no75.tbcn.telia.com', 'irc.freenode.net', 0, 1, NULL, NULL),
(202, NULL, 1, 'n=cinnix', '', '91.108.136.187', 'irc.freenode.net', 0, 0, NULL, NULL),
(203, NULL, 1, 'n=tiger', '', 'h77.5.16.72.ip.alltel.net', 'irc.freenode.net', 0, 0, NULL, NULL),
(204, NULL, 1, 'n=sivik', '', '68-113-195-209.dhcp.ftwo.tx.charter.com', 'irc.freenode.net', 0, 0, NULL, NULL),
(205, NULL, 1, 'n=dagashi', '', '59-117-163-204.dynamic.hinet.net', 'irc.freenode.net', 0, 0, NULL, NULL),
(206, NULL, 1, 'n=skobel', '', '110.167.188.72.cfl.res.rr.com', 'irc.freenode.net', 0, 0, NULL, NULL),
(207, NULL, 1, 'n=nomaster', '', 'ip68-225-117-130.mc.at.cox.net', 'irc.freenode.net', 0, 0, NULL, NULL),
(208, NULL, 1, 'n=d', '', 'dsl-241-167-43.telkomadsl.co.za', 'irc.freenode.net', 0, 0, NULL, NULL),
(209, NULL, 1, 'i=devong', '', 'ceti.cs.pdx.edu', 'irc.freenode.net', 0, 0, NULL, NULL),
(210, NULL, 1, 'n=clem', '', 'cacher6.ericsson.net', 'irc.freenode.net', 0, 0, NULL, NULL),
(211, NULL, 1, 'n=leslie', '', 'jisatsusha.plus.com', 'irc.freenode.net', 0, 0, NULL, NULL),
(212, NULL, 1, 'n=mgorbach', '', 'd184.mertza.swarthmore.edu', 'irc.freenode.net', 0, 0, NULL, NULL),
(213, NULL, 1, 'n=zOap', '', '84.53.35.121', 'irc.freenode.net', 0, 0, NULL, NULL),
(214, NULL, 1, 'n=chris', '', 'pD9E04F19.dip.t-dialin.net', 'irc.freenode.net', 0, 0, NULL, NULL),
(215, NULL, 1, 'n=mr_lampe', '', 'dslb-084-056-145-118.pools.arcor-ip.net', 'irc.freenode.net', 0, 0, NULL, NULL),
(216, NULL, 1, 'n=ssokolow', '', 'moinmoin/fan/deitarion', 'irc.freenode.net', 0, 0, NULL, NULL),
(217, NULL, 1, 'n=dwayne', '', '64-42-247-120.mb.skyweb.ca', 'irc.freenode.net', 0, 0, NULL, NULL),
(218, NULL, 1, 'n=adsf', '', 'c-24-60-23-192.hsd1.ma.comcast.net', 'irc.freenode.net', 0, 0, NULL, NULL),
(219, NULL, 1, 'n=dustin', '', '71-217-165-210.blng.qwest.net', 'irc.freenode.net', 0, 0, NULL, NULL),
(220, NULL, 1, 'n=mathrick', '', 'nat.kollegienet.dk', 'irc.freenode.net', 0, 0, NULL, NULL),
(221, NULL, 1, 'n=varun', '', 'cpe-76-166-46-96.socal.res.rr.com', 'irc.freenode.net', 0, 0, NULL, NULL),
(222, NULL, 1, 'n=jw', '', 'c-67-176-187-206.hsd1.il.comcast.net', 'irc.freenode.net', 0, 1, NULL, NULL),
(223, NULL, 1, 'n=guerby', '', 'gut75-4-82-235-162-148.fbx.proxad.net', 'irc.freenode.net', 0, 0, NULL, NULL),
(224, NULL, 1, 'n=caplink8', '', 'dslb-088-073-025-092.pools.arcor-ip.net', 'irc.freenode.net', 0, 1, NULL, NULL),
(225, NULL, 1, 'n=kotatsu', '', 'cpe-76-182-215-243.tx.res.rr.com', 'irc.freenode.net', 0, 0, NULL, NULL),
(226, NULL, 1, 'n=exposure', '', 'a80-126-234-67.adsl.xs4all.nl', 'irc.freenode.net', 0, 0, NULL, NULL),
(227, NULL, 1, 'n=ski', '', 'pool-71-178-67-24.washdc.east.verizon.net', 'irc.freenode.net', 0, 0, NULL, NULL),
(228, NULL, 1, 'n=magez', '', 'cable-roi-fedfdd00-224.dhcp.inet.fi', 'irc.freenode.net', 0, 0, NULL, NULL),
(229, NULL, 1, 'n=noodle', '', '67-22-230-105.atlsfl.adelphia.net', 'irc.freenode.net', 0, 0, NULL, NULL),
(230, NULL, 1, 'n=AJZ0', '', 'pdpc/supporter/sustaining/aj-z0', 'irc.freenode.net', 0, 0, NULL, NULL),
(231, NULL, 1, 'n=jenda', '', 'ubuntu/member/jenda', 'irc.freenode.net', 0, 0, NULL, NULL),
(232, NULL, 1, 'n=saxin', '', '216-138-229.0513.adsl.tele2.no', 'irc.freenode.net', 0, 0, NULL, NULL),
(233, NULL, 1, 'n=user_nam', '', '71-89-33-80.dhcp.stpt.wi.charter.com', 'irc.freenode.net', 0, 0, NULL, NULL),
(234, NULL, 1, 'n=hadaf', '', '180.50.72.217.se-stf.res.dyn.perspektivbredband.net', 'irc.freenode.net', 0, 0, NULL, NULL),
(235, NULL, 1, 'n=blanky', '', 'pool-71-104-178-195.lsanca.dsl-w.verizon.net', 'irc.freenode.net', 0, 0, NULL, NULL),
(236, NULL, 1, 'i=trygve', '', 'ns127a.studby.ntnu.no', 'irc.freenode.net', 0, 0, NULL, NULL),
(237, NULL, 1, 'n=maddler', '', '217-133-171-20.b2b.tiscali.it', 'irc.freenode.net', 0, 1, NULL, NULL),
(238, NULL, 1, 'n=opera', '', 'bzq-88-155-111-87.red.bezeqint.net', 'irc.freenode.net', 0, 0, NULL, NULL),
(239, NULL, 1, 'i=antix', '', 'ip68-228-163-158.ok.ok.cox.net', 'irc.freenode.net', 0, 0, NULL, NULL),
(240, NULL, 1, 'n=jrtz2_', '', 'ANantes-151-1-55-96.w81-250.abo.wanadoo.fr', 'irc.freenode.net', 0, 0, NULL, NULL),
(241, NULL, 1, 'i=Tsu', '', 'srv01.packetscan.com', 'irc.freenode.net', 0, 0, NULL, NULL),
(242, NULL, 1, 'n=d', '', 'adsl-222-63-47.msy.bellsouth.net', 'irc.freenode.net', 0, 0, NULL, NULL),
(243, NULL, 1, 'n=jedimast', '', '71.237.197.201', 'irc.freenode.net', 0, 0, NULL, NULL),
(244, NULL, 1, 'n=Russ', '', 'russerver.student.iastate.edu', 'irc.freenode.net', 0, 0, NULL, NULL),
(245, NULL, 1, 'n=nnnnnnch', '', '216.93.247.103', 'irc.freenode.net', 0, 0, NULL, NULL),
(246, NULL, 1, 'n=tommyv', '', 'AC809447.ipt.aol.com', 'irc.freenode.net', 0, 0, NULL, NULL),
(247, NULL, 1, 'n=poningru', '', 'adsl-074-245-140-197.sip.gnv.bellsouth.net', 'irc.freenode.net', 0, 0, NULL, NULL),
(248, NULL, 1, 'n=tuna', '', 'tunamasiina.kortex.jyu.fi', 'irc.freenode.net', 0, 0, NULL, NULL),
(249, NULL, 1, 'i=cponder', '', 'user-11213lr.dsl.mindspring.com', 'irc.freenode.net', 0, 0, NULL, NULL),
(250, NULL, 1, 'n=pain', '', '217.164.246.216', 'irc.freenode.net', 0, 0, NULL, NULL),
(251, NULL, 1, 'n=Howdy125', '', 'c-67-183-234-42.hsd1.wa.comcast.net', 'irc.freenode.net', 0, 0, NULL, NULL),
(252, NULL, 1, 'n=dmul', '', 'user-118bo71.cable.mindspring.com', 'irc.freenode.net', 0, 0, NULL, NULL),
(253, NULL, 1, 'n=xyz', '', 'ubuntu/member/matid', 'irc.freenode.net', 0, 0, NULL, NULL),
(254, NULL, 1, 'n=QMario', '', 'unaffiliated/QMario', 'irc.freenode.net', 0, 0, NULL, NULL),
(255, NULL, 1, 'n=chaky', '', 'ubuntu.grad.hr', 'irc.freenode.net', 0, 1, NULL, NULL),
(256, NULL, 1, 'n=asbjorn', '', 'kekkonen.cs.hut.fi', 'irc.freenode.net', 0, 0, NULL, NULL),
(257, NULL, 1, 'i=Intangir', '', 'cpe-70-123-125-234.houston.res.rr.com', 'irc.freenode.net', 0, 0, NULL, NULL),
(258, NULL, 1, 'n=nwheeler', '', 'charon.devis.com', 'irc.freenode.net', 0, 0, NULL, NULL),
(259, NULL, 1, 'n=advertr', '', 'c-71-59-157-159.hsd1.or.comcast.net', 'irc.freenode.net', 0, 0, NULL, NULL),
(260, NULL, 1, 'n=crom', '', '112.84-49-167.nextgentel.com', 'irc.freenode.net', 0, 0, NULL, NULL),
(261, NULL, 1, 'n=max', '', 'h138n5fls34o1041.telia.com', 'irc.freenode.net', 0, 0, NULL, NULL),
(262, NULL, 1, 'n=mathias', '', 'unaffiliated/dreamthief', 'irc.freenode.net', 0, 0, NULL, NULL),
(263, NULL, 1, 'n=xelados', '', '63.135.137.162', 'irc.freenode.net', 0, 0, NULL, NULL),
(264, NULL, 1, 'n=none', '', '221.165.193.67', 'irc.freenode.net', 0, 0, NULL, NULL),
(265, NULL, 1, 'n=dan', '', 'h-67-101-215-128.snfccasy.dynamic.covad.net', 'irc.freenode.net', 0, 0, NULL, NULL),
(266, NULL, 1, 'n=Bantroth', '', 'adsl-70-137-152-219.dsl.snfc21.sbcglobal.net', 'irc.freenode.net', 0, 0, NULL, NULL),
(267, NULL, 1, 'n=czedlitz', '', 'ip70-161-80-244.hr.hr.cox.net', 'irc.freenode.net', 0, 0, NULL, NULL),
(268, NULL, 1, 'n=Fergy', '', 'a82-92-232-156.adsl.xs4all.nl', 'irc.freenode.net', 0, 0, NULL, NULL),
(269, NULL, 1, 'n=wouter', '', 's55935227.adsl.wanadoo.nl', 'irc.freenode.net', 0, 0, NULL, NULL),
(270, NULL, 1, 'i=trappist', '', 'tra.ppi.st', 'irc.freenode.net', 0, 0, NULL, NULL),
(271, NULL, 1, 'n=SmrtJust', '', 'cblmdm72-241-39-109.buckeyecom.net', 'irc.freenode.net', 0, 0, NULL, NULL),
(272, NULL, 1, 'n=William', '', 'S0106001731d55e7d.cg.shawcable.net', 'irc.freenode.net', 0, 0, NULL, NULL),
(273, NULL, 1, 'n=q01z', '', 'cable-252-252.zeelandnet.nl', 'irc.freenode.net', 0, 0, NULL, NULL),
(274, NULL, 1, 'n=jordan', '', 'CPE-75-87-69-197.kc.res.rr.com', 'irc.freenode.net', 0, 0, NULL, NULL),
(275, NULL, 1, 'n=KlingonE', '', '54-4.202-68.tampabay.res.rr.com', 'irc.freenode.net', 0, 0, NULL, NULL),
(276, NULL, 1, 'n=dddddd', '', 'AC9E94AB.ipt.aol.com', 'irc.freenode.net', 0, 0, NULL, NULL),
(277, NULL, 1, 'n=wheee', '', '82-41-83-91.cable.ubr01.dund.blueyonder.co.uk', 'irc.freenode.net', 0, 0, NULL, NULL),
(278, NULL, 1, 'n=allan', '', '203.212.128.203', 'irc.freenode.net', 0, 0, NULL, NULL),
(279, NULL, 1, 'n=Miranda', '', '201-048-009-013.xd-dynamic.ctbcnetsuper.com.br', 'irc.freenode.net', 0, 0, NULL, NULL),
(280, NULL, 1, 'n=lardarse', '', '62-31-162-204.cable.ubr11.azte.blueyonder.co.uk', 'irc.freenode.net', 0, 0, NULL, NULL),
(281, NULL, 1, 'n=crisp', '', '152.105.166.77', 'irc.freenode.net', 0, 0, NULL, NULL),
(282, NULL, 1, 'n=beef', '', '213.78.233.10', 'irc.freenode.net', 0, 0, NULL, NULL),
(283, NULL, 1, 'n=draky', '', 'ws051165.housing-tp.siu.edu', 'irc.freenode.net', 0, 0, NULL, NULL),
(284, NULL, 1, 'n=jfranji', '', '83-131-0-74.adsl.net.t-com.hr', 'irc.freenode.net', 0, 0, NULL, NULL),
(285, NULL, 1, 'n=jane', '', 'unaffiliated/jane', 'irc.freenode.net', 0, 0, NULL, NULL),
(286, NULL, 1, 'n=Luca', '', 'host190-53-dynamic.11-87-r.retail.telecomitalia.it', 'irc.freenode.net', 0, 1, NULL, NULL),
(287, NULL, 1, 'n=knightst', '', 'c-75-66-203-198.hsd1.tn.comcast.net', 'irc.freenode.net', 0, 0, NULL, NULL),
(288, NULL, 1, 'n=brent', '', 'listless.dsl.visi.com', 'irc.freenode.net', 0, 0, NULL, NULL),
(289, NULL, 1, 'i=sd', '', 'unaffiliated/bt/x-192343', 'irc.freenode.net', 0, 0, NULL, NULL),
(290, NULL, 1, 'n=Killer', '', 'pool-68-238-165-220.washdc.fios.verizon.net', 'irc.freenode.net', 0, 0, NULL, NULL),
(291, NULL, 1, 'n=orion', '', 'c-68-38-65-15.hsd1.nj.comcast.net', 'irc.freenode.net', 0, 0, NULL, NULL),
(292, NULL, 1, 'n=root', '', 'unaffiliated/hexidigital', 'irc.freenode.net', 0, 1, NULL, NULL),
(293, NULL, 1, 'i=WinNT', '', 'unaffiliated/aftermath/x-384322', 'irc.freenode.net', 0, 1, NULL, NULL),
(294, NULL, 1, 'n=mike', '', 'c-68-80-122-9.hsd1.pa.comcast.net', 'irc.freenode.net', 0, 0, NULL, NULL),
(295, NULL, 1, 'n=Khisanth', '', 'pool-71-247-51-150.nycmny.east.verizon.net', 'irc.freenode.net', 0, 0, NULL, NULL),
(296, NULL, 1, 'n=axe', '', '86.120.241.3', 'irc.freenode.net', 0, 0, NULL, NULL),
(297, NULL, 1, 'n=pensacol', '', '111.29-67-87.adsl-dyn.isp.belgacom.be', 'irc.freenode.net', 0, 0, NULL, NULL),
(298, NULL, 1, 'n=sa', '', 'host153-63-dynamic.10-87-r.retail.telecomitalia.it', 'irc.freenode.net', 0, 0, NULL, NULL),
(299, NULL, 1, 'n=scl', '', 'adsl-70-237-140-253.dsl.stlsmo.sbcglobal.net', 'irc.freenode.net', 0, 0, NULL, NULL),
(300, NULL, 1, 'n=demeersm', '', '38.179-246-81.adsl-dyn.isp.belgacom.be', 'irc.freenode.net', 0, 0, NULL, NULL),
(301, NULL, 1, 'n=johnn', '', 'e179000100.adsl.alicedsl.de', 'irc.freenode.net', 0, 0, NULL, NULL),
(302, NULL, 1, 'n=sorl', '', 'c-086372d5.011-62-6762672.cust.bredbandsbolaget.se', 'irc.freenode.net', 0, 0, NULL, NULL),
(303, NULL, 1, 'n=mythos', '', '85-124-130-241.dynamic.xdsl-line.inode.at', 'irc.freenode.net', 0, 0, NULL, NULL),
(304, NULL, 1, 'n=Ender', '', '202.1.194.126', 'irc.freenode.net', 0, 0, NULL, NULL),
(305, NULL, 1, 'n=ead', '', 'rrcs-24-199-147-14.midsouth.biz.rr.com', 'irc.freenode.net', 0, 1, NULL, NULL),
(306, NULL, 1, 'n=BROKEN', '', 'h-67-100-125-200.sttnwaho.dynamic.covad.net', 'irc.freenode.net', 0, 0, NULL, NULL),
(307, NULL, 1, 'n=ckebabo', '', '211.243.199.133', 'irc.freenode.net', 0, 0, NULL, NULL),
(308, NULL, 1, 'n=axisys', '', '64.79.209.123', 'irc.freenode.net', 0, 0, NULL, NULL),
(309, NULL, 1, 'n=lissom', '', '64.238.123.5', 'irc.freenode.net', 0, 0, NULL, NULL),
(310, NULL, 1, 'n=pwuertz', '', 'dslb-084-058-093-076.pools.arcor-ip.net', 'irc.freenode.net', 0, 0, NULL, NULL),
(311, NULL, 1, 'n=munroe', '', 'CPE000f3d505cab-CM0011ae8a8546.cpe.net.cable.rogers.com', 'irc.freenode.net', 0, 0, NULL, NULL),
(312, NULL, 1, 'n=jotajota', '', '190.40.101.204', 'irc.freenode.net', 0, 0, NULL, NULL),
(313, NULL, 1, 'n=francis', '', 'unaffiliated/apokryphos', 'irc.freenode.net', 0, 1, NULL, NULL),
(314, NULL, 1, 'n=high-fre', '', 'ppp-70-243-231-201.dsl.ksc2mo.swbell.net', 'irc.freenode.net', 0, 0, NULL, NULL),
(315, NULL, 1, 'n=Not-Fran', '', 'user-0ccera8.cable.mindspring.com', 'irc.freenode.net', 0, 0, NULL, NULL),
(316, NULL, 1, 'n=kmu', '0 kmu', 'c-68-51-59-44.hsd1.ar.comcast.net', 'irc.freenode.net', 0, 0, NULL, NULL),
(317, NULL, 1, 'n=daveyate', '', 'user-11far7b.dsl.mindspring.com', 'irc.freenode.net', 0, 0, NULL, NULL),
(318, NULL, 1, 'n=sc0tt', '', 'cpc1-stok5-0-0-cust513.bagu.cable.ntl.com', 'irc.freenode.net', 0, 1, NULL, NULL),
(319, NULL, 1, 'n=klaatu', '', '81.140.95.4', 'irc.freenode.net', 0, 0, NULL, NULL),
(320, NULL, 1, 'n=pppoe_du', '', 'unaffiliated/blimpdude', 'irc.freenode.net', 0, 0, NULL, NULL),
(321, NULL, 1, 'n=fluxi', '', '218.6-244-81.adsl-dyn.isp.belgacom.be', 'irc.freenode.net', 0, 0, NULL, NULL),
(322, NULL, 1, 'n=Faithful', '', 'ns.linuxterminal.com', 'irc.freenode.net', 0, 0, NULL, NULL),
(323, NULL, 1, 'n=kvirc', '', '84-255-238-62.static.dsl.t-2.net', 'irc.freenode.net', 0, 0, NULL, NULL),
(324, NULL, 1, 'n=rc-1', '', 'ip68-229-102-1.hr.hr.cox.net', 'irc.freenode.net', 0, 0, NULL, NULL),
(325, NULL, 1, 'n=yellow', '', 'unaffiliated/yellow', 'irc.freenode.net', 0, 1, NULL, NULL),
(326, NULL, 1, 'n=fwest', '', 'cpc1-cmbg8-0-0-cust155.cmbg.cable.ntl.com', 'irc.freenode.net', 0, 0, NULL, NULL),
(327, NULL, 1, 'n=amerdakk', '', 'unaffiliated/eXistenZ', 'irc.freenode.net', 0, 0, NULL, NULL),
(328, NULL, 1, 'i=blah', '', '204pc232.sshunet.nl', 'irc.freenode.net', 0, 0, NULL, NULL),
(329, NULL, 1, 'n=stef', '', 'bern.twi.tudelft.nl', 'irc.freenode.net', 0, 1, NULL, NULL),
(330, NULL, 1, 'n=mneptok', '', 'modemcable178.77-70-69.static.videotron.ca', 'irc.freenode.net', 0, 0, NULL, NULL),
(331, NULL, 1, 'i=evenless', '', 'c83-249-83-3.bredband.comhem.se', 'irc.freenode.net', 0, 0, NULL, NULL),
(332, NULL, 1, 'n=chrisnia', '', '87-194-61-144.bethere.co.uk', 'irc.freenode.net', 0, 0, NULL, NULL),
(333, NULL, 1, 'n=raven', '', 'unaffiliated/xorlev', 'irc.freenode.net', 0, 0, NULL, NULL),
(334, NULL, 1, 'n=blarg', '', '125.212.82.164', 'irc.freenode.net', 0, 0, NULL, NULL),
(335, NULL, 1, 'n=x', '', 'easyubuntu/supporter/hybrid', 'irc.freenode.net', 0, 1, NULL, NULL),
(336, NULL, 1, 'n=crew', '', 'dsl-58-6-115-77.qld.westnet.com.au', 'irc.freenode.net', 0, 0, NULL, NULL),
(337, NULL, 1, 'n=winXpert', '', 'ip72-196-113-57.ga.at.cox.net', 'irc.freenode.net', 0, 0, NULL, NULL),
(338, NULL, 1, 'n=n1gke', '', 'ip68-14-29-148.ri.ri.cox.net', 'irc.freenode.net', 0, 1, NULL, NULL),
(339, NULL, 1, 'n=alnokta', '', 'unaffiliated/alnokta', 'irc.freenode.net', 0, 0, NULL, NULL),
(340, NULL, 1, 'n=blue', '', '2001:16d8:ffc4:beef:0:0:0:16', 'irc.freenode.net', 0, 0, NULL, NULL),
(341, NULL, 1, 'n=jtwhaley', '', 'cpe-071-068-048-109.carolina.res.rr.com', 'irc.freenode.net', 0, 0, NULL, NULL),
(342, NULL, 1, 'n=sunderla', '', '82-39-175-97.cable.ubr01.jarr.blueyonder.co.uk', 'irc.freenode.net', 0, 0, NULL, NULL),
(343, NULL, 1, 'n=lukas', '', 'c-68-84-69-12.hsd1.nj.comcast.net', 'irc.freenode.net', 0, 0, NULL, NULL),
(344, NULL, 1, 'n=jose', '', '196.Red-83-60-110.dynamicIP.rima-tde.net', 'irc.freenode.net', 0, 0, NULL, NULL),
(345, NULL, 1, 'n=ndpowerb', '', '207-172-70-240.c3-0.sbo-ubr2.sbo.ma.cable.rcn.com', 'irc.freenode.net', 0, 0, NULL, NULL),
(346, NULL, 1, 'n=cga', '', '213-140-6-101.ip.fastwebnet.it', 'irc.freenode.net', 0, 0, NULL, NULL),
(347, NULL, 1, 'n=elate', '', '82.152.117.217', 'irc.freenode.net', 0, 0, NULL, NULL),
(348, NULL, 1, 'n=cout', '', 'c-68-58-222-12.hsd1.sc.comcast.net', 'irc.freenode.net', 0, 0, NULL, NULL),
(349, NULL, 1, 'n=scout', '', '0x50a47c0a.kjnxx6.adsl-dhcp.tele.dk', 'irc.freenode.net', 0, 0, NULL, NULL),
(350, NULL, 1, 'i=rob', '', 'freenode/staff/rob', 'irc.freenode.net', 0, 0, NULL, NULL),
(351, NULL, 1, 'n=01897268', '', 'staff-nat.netnation.com', 'irc.freenode.net', 0, 0, NULL, NULL),
(352, NULL, 1, 'i=fabbione', '', 'gordian.fabbione.net', 'irc.freenode.net', 0, 0, NULL, NULL),
(353, NULL, 1, 'i=alpha', '', 'team.code-1.de', 'irc.freenode.net', 0, 0, NULL, NULL),
(354, NULL, 1, 'i=oetzi', '', 'gletschereis.net', 'irc.freenode.net', 0, 1, NULL, NULL),
(355, NULL, 1, 'i=fek', '', 'blackhole.packetloss.biz', 'irc.freenode.net', 0, 1, NULL, NULL),
(356, NULL, 1, 'n=doofy', '', 'c-67-190-89-101.hsd1.co.comcast.net', 'irc.freenode.net', 0, 0, NULL, NULL),
(357, NULL, 1, 'n=pyromanc', '', 'dsl092-069-150.bos1.dsl.speakeasy.net', 'irc.freenode.net', 0, 0, NULL, NULL),
(358, NULL, 1, 'n=RedKrieg', '', 'ip68-230-209-186.rd.hr.cox.net', 'irc.freenode.net', 0, 0, NULL, NULL),
(359, NULL, 1, 'n=khoa', '', 'pool-68-236-47-248.phil.east.verizon.net', 'irc.freenode.net', 0, 0, NULL, NULL),
(360, NULL, 1, 'n=paul', '', '12.206.21.84', 'irc.freenode.net', 0, 0, NULL, NULL),
(361, NULL, 1, 'n=bef', '', '203-59-109-37.dyn.iinet.net.au', 'irc.freenode.net', 0, 0, NULL, NULL),
(362, NULL, 1, 'n=brizz', '', 'c-67-169-245-85.hsd1.ut.comcast.net', 'irc.freenode.net', 0, 0, NULL, NULL),
(363, NULL, 1, 'n=zerdith', '', '66-188-62-36.dhcp.bycy.mi.charter.com', 'irc.freenode.net', 0, 0, NULL, NULL),
(364, NULL, 1, 'n=nevroman', '', 'ti112220a080-5996.bb.online.no', 'irc.freenode.net', 0, 0, NULL, NULL),
(365, NULL, 1, 'n=PsychoBu', '', 'c-24-128-135-44.hsd1.nh.comcast.net', 'irc.freenode.net', 0, 0, NULL, NULL),
(366, NULL, 1, 'n=tripped', '', '203.144.9.181', 'irc.freenode.net', 0, 0, NULL, NULL),
(367, NULL, 1, 'n=xopher', '', 'unaffiliated/xopher', 'irc.freenode.net', 0, 0, NULL, NULL),
(368, NULL, 1, 'n=offero', '', 'ool-44c05172.dyn.optonline.net', 'irc.freenode.net', 0, 0, NULL, NULL),
(369, NULL, 1, 'n=PwndMopa', '', 'c-69-248-234-218.hsd1.nj.comcast.net', 'irc.freenode.net', 0, 0, NULL, NULL),
(370, NULL, 1, 'n=Mez', '', 'ubuntu/member/mez', 'irc.freenode.net', 0, 0, NULL, NULL),
(371, NULL, 1, 'n=sjoerd', '', 'tunnel3460.ipv6.xs4all.nl', 'irc.freenode.net', 0, 1, NULL, NULL),
(372, NULL, 1, 'i=martii', '', 'obgyn.edu.pl', 'irc.freenode.net', 0, 0, NULL, NULL),
(373, NULL, 1, 'n=bamboo', '', 'ppp-71-139-32-168.dsl.snfc21.pacbell.net', 'irc.freenode.net', 0, 0, NULL, NULL),
(374, NULL, 1, 'i=pike', '', 'server1.freeshells.ch', 'irc.freenode.net', 0, 0, NULL, NULL),
(375, NULL, 1, 'i=Chaton', '', 'unaffiliated/nou', 'irc.freenode.net', 0, 0, NULL, NULL),
(376, NULL, 1, 'i=llhull', '', 'c-71-56-76-189.hsd1.ga.comcast.net', 'irc.freenode.net', 0, 0, NULL, NULL),
(377, NULL, 1, 'n=gangien', '', 'c-24-16-39-9.hsd1.mn.comcast.net', 'irc.freenode.net', 0, 0, NULL, NULL),
(378, NULL, 1, 'n=tom', '', 'pool-71-115-214-25.spknwa.dsl-w.verizon.net', 'irc.freenode.net', 0, 0, NULL, NULL),
(379, NULL, 1, 'n=bryan', '', 'freenode/staff/quux', 'irc.freenode.net', 0, 0, NULL, NULL),
(380, NULL, 1, 'n=chatzill', '', 'h-149-248.A175.cust.bahnhof.se', 'irc.freenode.net', 0, 0, NULL, NULL),
(381, NULL, 1, 'n=Kanales', '', 'e180010052.adsl.alicedsl.de', 'irc.freenode.net', 0, 0, NULL, NULL),
(382, NULL, 1, 'n=lupine', '', 'nick.lupine.me.uk', 'irc.freenode.net', 0, 0, NULL, NULL),
(383, NULL, 1, 'n=josef', '', '69-187.umenet.t3.se', 'irc.freenode.net', 0, 0, NULL, NULL),
(384, NULL, 1, 'n=bobd', '', 'dhcp1-66-244-84-223.stfd.smithvilledsl.net', 'irc.freenode.net', 0, 0, NULL, NULL),
(385, NULL, 1, 'n=Riley', '', 'adsl-68-126-61-144.dsl.irvnca.pacbell.net', 'irc.freenode.net', 0, 0, NULL, NULL),
(386, NULL, 1, 'n=cmeme', '', 'boa.b9.com', 'irc.freenode.net', 0, 0, NULL, NULL),
(387, NULL, 1, 'n=petroleu', '', '82.153.66.118', 'irc.freenode.net', 0, 0, NULL, NULL),
(388, NULL, 1, 'n=isopleth', '', 'host121-240-static.106-82-b.business.telecomitalia.it', 'irc.freenode.net', 0, 0, NULL, NULL),
(389, NULL, 1, 'n=jannu1', '', 'a62-248-232-97.elisa-laajakaista.fi', 'irc.freenode.net', 0, 0, NULL, NULL),
(390, NULL, 1, 'i=Agent69', '', 'wash-dc.fbi.chatmonitor.org', 'irc.freenode.net', 0, 0, NULL, NULL),
(391, NULL, 1, 'n=Android_', '', '81-178-216-8.dsl.pipex.com', 'irc.freenode.net', 0, 0, NULL, NULL),
(392, NULL, 1, 'n=ariel', '', 'bzq-219-46-202.isdn.bezeqint.net', 'irc.freenode.net', 0, 0, NULL, NULL),
(393, NULL, 1, 'n=ne1469', '', '166.70.210.102', 'irc.freenode.net', 0, 0, NULL, NULL),
(394, NULL, 1, 'n=cgilmour', '', '210-86-99-187.jetstream.xtra.co.nz', 'irc.freenode.net', 0, 0, NULL, NULL),
(395, NULL, 1, 'n=cgilmour', '', '210-86-99-187.jetstream.xtra.co.nz', 'irc.freenode.net', 0, 0, NULL, NULL),
(396, NULL, 1, 'n=melissa', '', 'ubuntu/member/elkbuntu', 'irc.freenode.net', 0, 0, NULL, NULL),
(397, NULL, 1, 'n=manny', '', 'cpe-24-160-223-78.neo.res.rr.com', 'irc.freenode.net', 0, 0, NULL, NULL),
(398, NULL, 1, 'n=cafuego', '', 'ppp221-106.static.internode.on.net', 'irc.freenode.net', 0, 0, NULL, NULL),
(399, NULL, 1, 'n=SkyCon', '', 'skynet.skynet.ie', 'irc.freenode.net', 0, 1, NULL, NULL),
(400, NULL, 1, 'i=phaid', '', '2001:618:400:0:0:0:457c:b03b', 'irc.freenode.net', 0, 0, NULL, NULL),
(401, NULL, 1, 'n=markus', '', 'c83-254-170-200.bredband.comhem.se', 'irc.freenode.net', 0, 0, NULL, NULL),
(402, NULL, 1, 'n=svu', '', '89.101.234.94', 'irc.freenode.net', 0, 0, NULL, NULL),
(403, NULL, 1, 'n=eternals', '', 'wcnat-41-43.wheaton.edu', 'irc.freenode.net', 0, 1, NULL, NULL),
(404, NULL, 1, 'n=tombs', '', 'ip565e4a39.direct-adsl.nl', 'irc.freenode.net', 0, 1, NULL, NULL),
(405, NULL, 1, 'i=c03dhn', '', 'peppar.cs.umu.se', 'irc.freenode.net', 0, 0, NULL, NULL),
(406, NULL, 1, 'n=gu014', '', 'c-68-37-180-106.hsd1.pa.comcast.net', 'irc.freenode.net', 0, 0, NULL, NULL),
(407, NULL, 1, 'n=jkw', '', '83.216.111.2', 'irc.freenode.net', 0, 1, NULL, NULL),
(408, NULL, 1, 'n=david', '', 'dslb-084-058-054-001.pools.arcor-ip.net', 'irc.freenode.net', 0, 0, NULL, NULL),
(409, NULL, 1, 'n=pvanhoof', '', 'd54C0EE14.access.telenet.be', 'irc.freenode.net', 0, 0, NULL, NULL),
(410, NULL, 1, 'n=nothlit', '', 'pcd551097.netvigator.com', 'irc.freenode.net', 0, 0, NULL, NULL),
(411, NULL, 1, 'n=gerrit', '', 'garrut.xs4all.nl', 'irc.freenode.net', 0, 0, NULL, NULL),
(412, NULL, 1, 'i=bolandl', '', 'die.k-thx.biz', 'irc.freenode.net', 0, 0, NULL, NULL),
(413, NULL, 1, 'i=TowerII', '', 'dsl-imtgw1-ffffc000-124.dhcp.inet.fi', 'irc.freenode.net', 0, 0, NULL, NULL),
(414, NULL, 1, 'n=engebret', '', '216.106.214.233', 'irc.freenode.net', 0, 0, NULL, NULL),
(415, NULL, 1, 'n=pcmacman', '', 'ool-4355be00.dyn.optonline.net', 'irc.freenode.net', 0, 0, NULL, NULL),
(416, NULL, 1, 'n=ralphwig', '', 'c-68-63-81-99.hsd1.pa.comcast.net', 'irc.freenode.net', 0, 0, NULL, NULL),
(417, NULL, 1, 'n=johnny', '0 Ren Der', '12-227-137-64.client.mchsi.com', 'irc.freenode.net', 0, 0, NULL, NULL),
(418, NULL, 1, 'n=matt', '', 'node-3041.tor.pppoe.execulink.com', 'irc.freenode.net', 0, 1, NULL, NULL),
(419, NULL, 1, 'n=virtuall', '', 'who.is.virtuall.info', 'irc.freenode.net', 0, 0, NULL, NULL),
(420, NULL, 1, 'n=Adyna', '', '193.108.235.251', 'irc.freenode.net', 0, 0, NULL, NULL),
(421, NULL, 1, 'n=greg', '', 'adsl-75-4-163-157.dsl.emhril.sbcglobal.net', 'irc.freenode.net', 0, 0, NULL, NULL),
(422, NULL, 1, 'n=jjereza', '', '124.83.1.218', 'irc.freenode.net', 0, 0, NULL, NULL),
(423, NULL, 1, 'n=tingo', '', '222.68.141.59', 'irc.freenode.net', 0, 0, NULL, NULL),
(424, NULL, 1, 'n=stephen', '', 'adsl-65-69-154-162.dsl.rcsntx.swbell.net', 'irc.freenode.net', 0, 0, NULL, NULL),
(425, NULL, 1, 'i=fulgore', '', 'rm-rf.root.ws', 'irc.freenode.net', 0, 0, NULL, NULL),
(426, NULL, 1, 'n=pluma', '', 'p5B005B58.dip.t-dialin.net', 'irc.freenode.net', 0, 0, NULL, NULL),
(427, NULL, 1, 'n=pickett', '', '121.44.158.53', 'irc.freenode.net', 0, 0, NULL, NULL),
(428, NULL, 1, 'n=oni', '', '68-189-172-052.dhcp.gnvl.sc.charter.com', 'irc.freenode.net', 0, 0, NULL, NULL),
(429, NULL, 1, 'n=JaeSharp', '', 'wikia/JSharp', 'irc.freenode.net', 0, 0, NULL, NULL),
(430, NULL, 1, 'n=cyzie', '', '218.111.207.169', 'irc.freenode.net', 0, 0, NULL, NULL),
(431, NULL, 1, 'n=stuart', '', '135.27.233.220.exetel.com.au', 'irc.freenode.net', 0, 0, NULL, NULL),
(432, NULL, 1, 'n=dandy', '', 'opal.cat.pdx.edu', 'irc.freenode.net', 0, 0, NULL, NULL),
(433, NULL, 1, 'n=kevin', '', 'blk-7-210-180.eastlink.ca', 'irc.freenode.net', 0, 0, NULL, NULL),
(434, NULL, 1, 'n=jeff897j', '', 'unaffiliated/silverfox-x0001', 'irc.freenode.net', 0, 0, NULL, NULL),
(435, NULL, 1, 'n=brush01u', '', '62-30-75-207.cable.ubr03.brom.blueyonder.co.uk', 'irc.freenode.net', 0, 0, NULL, NULL),
(436, NULL, 1, 'i=rydekull', '', 'c-7db6e255.012-55-6c756c10.cust.bredbandsbolaget.se', 'irc.freenode.net', 0, 0, NULL, NULL),
(437, NULL, 1, 'n=mathieu', '', 'wnpgmb02dc1-58-254.dynamic.mts.net', 'irc.freenode.net', 0, 0, NULL, NULL),
(438, NULL, 1, 'n=flannel', '', 'cpe-76-176-13-158.san.res.rr.com', 'irc.freenode.net', 0, 0, NULL, NULL),
(439, NULL, 1, 'i=quintin', '', '74-133-108-200.dhcp.insightbb.com', 'irc.freenode.net', 0, 0, NULL, NULL),
(440, NULL, 1, 'n=kyncani', '', 'bro29-1-82-245-180-190.fbx.proxad.net', 'irc.freenode.net', 0, 0, NULL, NULL),
(441, NULL, 1, 'n=ron', '', 'pool-72-85-219-133.bstnma.east.verizon.net', 'irc.freenode.net', 0, 0, NULL, NULL),
(442, NULL, 1, 'n=steve', '', 'c-69-180-224-4.hsd1.tn.comcast.net', 'irc.freenode.net', 0, 1, NULL, NULL),
(443, NULL, 1, 'n=sdfsdf', '', '60-234-134-230.bitstream.orcon.net.nz', 'irc.freenode.net', 0, 0, NULL, NULL),
(444, NULL, 1, 'n=kumar', '', 'unaffiliated/musicshuffle/x-303664', 'irc.freenode.net', 0, 0, NULL, NULL),
(445, NULL, 1, 'n=artbird3', '', '68-190-158-139.dhcp.roch.mn.charter.com', 'irc.freenode.net', 0, 0, NULL, NULL),
(446, NULL, 1, 'i=G00Ds', '', 'ool-457c93b6.dyn.optonline.net', 'irc.freenode.net', 0, 1, NULL, NULL),
(447, NULL, 1, 'n=elko', '', 'cp34987-a.roose1.nb.home.nl', 'irc.freenode.net', 0, 0, NULL, NULL),
(448, NULL, 1, 'i=n0gimics', '', '195.242.221.54', 'irc.freenode.net', 0, 0, NULL, NULL),
(449, NULL, 1, 'n=bdigit', '', 'unaffiliated/binarydigit', 'irc.freenode.net', 0, 0, NULL, NULL),
(450, NULL, 1, 'n=Gnewf', '', 'GroupMackenzie.s11-1-0-16-0.ar3.SEA1.gblx.net', 'irc.freenode.net', 0, 0, NULL, NULL),
(451, NULL, 1, 'i=UNKNOWN', '', 'fgd182.internetdsl.tpnet.pl', 'irc.freenode.net', 0, 0, NULL, NULL),
(452, NULL, 1, 'n=Stormx2', '', 'host-87-240-137-127.hi-velocity.net', 'irc.freenode.net', 0, 0, NULL, NULL),
(453, NULL, 1, 'n=andrew', '', 'pool-71-254-248-229.hrbgpa.dsl-w.verizon.net', 'irc.freenode.net', 0, 0, NULL, NULL),
(454, NULL, 1, 'n=disc', '', 'unaffiliated/discipulus', 'irc.freenode.net', 0, 0, NULL, NULL),
(455, NULL, 1, 'n=flodine', '', 'c-24-4-174-71.hsd1.ca.comcast.net', 'irc.freenode.net', 0, 0, NULL, NULL),
(456, NULL, 1, 'n=sig', '', 'unaffiliated/sig', 'irc.freenode.net', 0, 0, NULL, NULL),
(457, NULL, 1, 'n=robnyc', '', 'nylug/member/RobNyc', 'irc.freenode.net', 0, 0, NULL, NULL),
(458, NULL, 1, 'n=digilink', '', '66-191-246-176.dhcp.kgpt.tn.charter.com', 'irc.freenode.net', 0, 0, NULL, NULL),
(459, NULL, 1, 'n=siggi', '', 'ftth-237-144.hive.is', 'irc.freenode.net', 0, 0, NULL, NULL),
(460, NULL, 1, 'n=reus', '', '83.101.13.62', 'irc.freenode.net', 0, 0, NULL, NULL),
(461, NULL, 1, 'n=travis', '', 'ubuntu/member/Amaranth', 'irc.freenode.net', 0, 0, NULL, NULL),
(462, NULL, 1, 'n=martinda', '', 'adsl-072-151-080-148.sip.rmo.bellsouth.net', 'irc.freenode.net', 0, 0, NULL, NULL),
(463, NULL, 1, 'n=Atomiku', '', 'cpc5-ipsw1-0-0-cust260.colc.cable.ntl.com', 'irc.freenode.net', 0, 0, NULL, NULL),
(464, NULL, 1, 'n=faithful', '', 'ns.linuxterminal.com', 'irc.freenode.net', 0, 0, NULL, NULL),
(465, NULL, 1, 'i=greece', '', 'freenode/staff/about.linux.philkc', 'irc.freenode.net', 0, 0, NULL, NULL),
(466, NULL, 1, 'n=Turgon', '', 'unaffiliated/turgon', 'irc.freenode.net', 0, 0, NULL, NULL),
(467, NULL, 1, 'n=ryan', '', 'ubuntu/member/ryanakca', 'irc.freenode.net', 0, 0, NULL, NULL),
(468, NULL, 1, 'n=cableroy', '', '194-203-29-194.mtulink.net', 'irc.freenode.net', 0, 0, NULL, NULL),
(469, NULL, 1, 'n=arnouten', '', 'vhe-520116.sshn.net', 'irc.freenode.net', 0, 0, NULL, NULL),
(470, NULL, 1, 'n=inimesek', '', '80-235-68-150-dsl.trt.estpak.ee', 'irc.freenode.net', 0, 0, NULL, NULL),
(471, NULL, 1, 'i=Khem', '', 'nat/montavista/x-684348cb0c4c60b7', 'irc.freenode.net', 0, 1, NULL, NULL),
(472, NULL, 1, 'n=Shane_', '', 'unaffiliated/gerrath', 'irc.freenode.net', 0, 0, NULL, NULL),
(473, NULL, 1, 'i=dreamer', '', '137.224.241.21', 'irc.freenode.net', 0, 0, NULL, NULL),
(474, NULL, 1, 'n=izte', '', 'customer.gigahost.no', 'irc.freenode.net', 0, 0, NULL, NULL),
(475, NULL, 1, 'n=alucard', '', '85-210-26-225.dsl.pipex.com', 'irc.freenode.net', 0, 0, NULL, NULL),
(476, NULL, 1, 'n=superlou', '', '155.246.219.58', 'irc.freenode.net', 0, 0, NULL, NULL),
(477, NULL, 1, 'n=rage', '', 'host-84-9-136-228.bulldogdsl.com', 'irc.freenode.net', 0, 0, NULL, NULL),
(478, NULL, 1, 'n=JD', '', 'netblock-208-127-89-97.dslextreme.com', 'irc.freenode.net', 0, 0, NULL, NULL),
(479, NULL, 1, 'n=altf2o', '', '67.170.159.216', 'irc.freenode.net', 0, 0, NULL, NULL),
(480, NULL, 1, 'n=andreas', '', 'h1634.serverkompetenz.net', 'irc.freenode.net', 0, 0, NULL, NULL),
(481, NULL, 1, 'n=grayscal', '', '216-164-152-49.c3-0.eas-ubr10.atw-eas.pa.cable.rcn.com', 'irc.freenode.net', 0, 0, NULL, NULL),
(482, NULL, 1, 'n=anthony', '', 'ubuntu/member/tonyyarusso', 'irc.freenode.net', 0, 0, NULL, NULL),
(483, NULL, 1, 'n=anthony', '', 'ubuntu/member/tonyyarusso', 'irc.freenode.net', 0, 0, NULL, NULL),
(484, NULL, 1, 'n=eoban', '', '149-159-4-11.dhcp-bl.indiana.edu', 'irc.freenode.net', 0, 0, NULL, NULL),
(485, NULL, 1, 'n=besonen2', '', 'dsl-db.pacinfo.com', 'irc.freenode.net', 0, 0, NULL, NULL),
(486, NULL, 1, 'n=draconiu', '', 'incognito.student.iastate.edu', 'irc.freenode.net', 0, 0, NULL, NULL),
(487, NULL, 1, 'n=karad', '', 'host-136-23.arin.net', 'irc.freenode.net', 0, 0, NULL, NULL),
(488, NULL, 1, 'n=stephans', '', 'mail.farorbit.com', 'irc.freenode.net', 0, 0, NULL, NULL),
(489, NULL, 1, 'n=per00bun', '', 'host223-130-dynamic.5-87-r.retail.telecomitalia.it', 'irc.freenode.net', 0, 1, NULL, NULL),
(490, NULL, 1, 'n=ekv', '', 'dsl-trebrasgw1-feaafa00-117.dhcp.inet.fi', 'irc.freenode.net', 0, 0, NULL, NULL),
(491, NULL, 1, 'n=bettyboo', '', '85-18-136-73.fastres.net', 'irc.freenode.net', 0, 0, NULL, NULL),
(492, NULL, 1, 'n=i3dmaste', '', 'unaffiliated/i3dmaster', 'irc.freenode.net', 0, 0, NULL, NULL),
(493, NULL, 1, 'n=lance', '', '66-190-246-213.dhcp.astr.or.charter.com', 'irc.freenode.net', 0, 0, NULL, NULL),
(494, NULL, 1, 'n=chatzill', '', 'unaffiliated/davidhkmrpowers', 'irc.freenode.net', 0, 0, NULL, NULL),
(495, NULL, 1, 'i=mabus', '', 'judecca.aculei.net', 'irc.freenode.net', 0, 0, NULL, NULL),
(496, NULL, 1, 'n=johan', '', 'bgn92-4-82-238-212-88.fbx.proxad.net', 'irc.freenode.net', 0, 0, NULL, NULL);
INSERT INTO `irc_identity` (`id`, `user_id`, `is_online`, `ident`, `realname`, `host`, `server`, `ircop`, `is_away`, `last_quit_time`, `last_quit_message`) VALUES (497, NULL, 1, 'n=lbm', '', '0x555373ab.adsl.cybercity.dk', 'irc.freenode.net', 0, 0, NULL, NULL),
(498, NULL, 1, 'n=sx270', '', 'cpe-68-203-217-135.rgv.res.rr.com', 'irc.freenode.net', 0, 0, NULL, NULL),
(499, NULL, 1, 'i=Fredric', '', 'admin184.hgo.se', 'irc.freenode.net', 0, 0, NULL, NULL),
(500, NULL, 1, 'i=l30n', '', 'quantum.ukshells.co.uk', 'irc.freenode.net', 0, 0, NULL, NULL),
(501, NULL, 1, 'n=gnu', '', '206-248-151-3.dsl.ncf.ca', 'irc.freenode.net', 0, 0, NULL, NULL),
(502, NULL, 1, 'n=variant', '', 'unaffiliated/variant', 'irc.freenode.net', 0, 1, NULL, NULL),
(503, NULL, 1, 'n=kbergstr', '', 'hoas-fe1fdd00-237.dhcp.inet.fi', 'irc.freenode.net', 0, 0, NULL, NULL),
(504, NULL, 1, 'i=Atom-', '', 'atomix.plus.com', 'irc.freenode.net', 0, 0, NULL, NULL),
(505, NULL, 1, 'i=zoral', '', 'zoral.bsnet.se', 'irc.freenode.net', 0, 0, NULL, NULL),
(506, NULL, 1, 'n=justin', '', 'unaffiliated/j/x-388422', 'irc.freenode.net', 0, 0, NULL, NULL),
(507, NULL, 1, 'n=nuscly', '', '29-231.206-83.static-ip.oleane.fr', 'irc.freenode.net', 0, 0, NULL, NULL),
(508, NULL, 1, 'i=xXx', '', 'seduce-and-destroy.com', 'irc.freenode.net', 0, 0, NULL, NULL),
(509, NULL, 1, 'n=filbert', '', 'd54C14421.access.telenet.be', 'irc.freenode.net', 0, 0, NULL, NULL),
(510, NULL, 1, 'n=theanswr', '', 'unaffiliated/alienx', 'irc.freenode.net', 0, 0, NULL, NULL),
(511, NULL, 1, 'n=funnyloo', '', '64.140.73.93', 'irc.freenode.net', 0, 0, NULL, NULL),
(512, NULL, 1, 'i=me2', '', 'dsl195-38-115-56.pool.tvnet.hu', 'irc.freenode.net', 0, 0, NULL, NULL),
(513, NULL, 1, 'n=ecna', '', 'c-71-204-129-98.hsd1.ca.comcast.net', 'irc.freenode.net', 0, 0, NULL, NULL),
(514, NULL, 1, 'n=ecna', '', 'c-71-204-129-98.hsd1.ca.comcast.net', 'irc.freenode.net', 0, 0, NULL, NULL),
(515, NULL, 1, 'n=essy', '', 'about/essy/stouterik/pdpc.base.SportChick', 'irc.freenode.net', 0, 1, NULL, NULL),
(516, NULL, 1, 'n=poncho', '', '69.27.195.116', 'irc.freenode.net', 0, 0, NULL, NULL),
(517, NULL, 1, 'n=ubotu', '', 'ubuntu/bot/ubotu', 'irc.freenode.net', 0, 0, NULL, NULL),
(518, NULL, 1, 'n=bugbot', '', 'ubuntu/bot/ubugtu', 'irc.freenode.net', 0, 0, NULL, NULL),
(519, NULL, 1, 'n=ppjet6', '', '81.56.130.254', 'irc.freenode.net', 0, 0, NULL, NULL),
(520, NULL, 1, 'n=You', '', '124-254-93-204-dsl.ispone.net.au', 'irc.freenode.net', 0, 0, NULL, NULL),
(521, NULL, 1, 'n=jmworx', '', 'theorix.CeNTIE.NET.au', 'irc.freenode.net', 0, 0, NULL, NULL),
(522, NULL, 1, 'n=GWing', '', 'cpe-024-211-176-110.nc.res.rr.com', 'irc.freenode.net', 0, 0, NULL, NULL),
(523, NULL, 1, 'n=doug', '', 'unaffiliated/dougsko', 'irc.freenode.net', 0, 1, NULL, NULL),
(524, NULL, 1, 'n=dooglus', '', 'rincevent.net', 'irc.freenode.net', 0, 0, NULL, NULL),
(525, NULL, 1, 'n=con-man', '', 'd198-166-244-11.abhsia.telus.net', 'irc.freenode.net', 0, 0, NULL, NULL),
(526, NULL, 1, 'n=predius', '', '63.99.9.135', 'irc.freenode.net', 0, 0, NULL, NULL),
(527, NULL, 1, 'n=mcphail', '', 'dyn-62-56-71-216.dslaccess.co.uk', 'irc.freenode.net', 0, 0, NULL, NULL),
(528, NULL, 1, 'n=mat', '', 'igoan/mat', 'irc.freenode.net', 0, 0, NULL, NULL),
(529, NULL, 1, 'i=grapple', '', 'ip70-178-182-169.ks.ks.cox.net', 'irc.freenode.net', 0, 0, NULL, NULL),
(530, NULL, 1, 'n=apecat', '', 'thrashbarg.net', 'irc.freenode.net', 0, 0, NULL, NULL),
(531, NULL, 1, 'n=solarion', '', 'cruftix.physics.uiowa.edu', 'irc.freenode.net', 0, 0, NULL, NULL),
(532, NULL, 1, 'n=nakkel', '', 'vektori.com', 'irc.freenode.net', 0, 0, NULL, NULL),
(533, NULL, 1, 'n=xflux', '', '69.61.136.254', 'irc.freenode.net', 0, 0, NULL, NULL),
(534, NULL, 1, 'n=truthfat', '', 'h186.119.141.64.cable.gldn.cablerocket.net', 'irc.freenode.net', 0, 0, NULL, NULL),
(535, NULL, 1, 'n=siliconv', '', 'S01060013107698ba.vf.shawcable.net', 'irc.freenode.net', 0, 0, NULL, NULL),
(536, NULL, 1, 'i=sockd', '', '72.37.175.2', 'irc.freenode.net', 0, 0, NULL, NULL),
(537, NULL, 1, 'n=pk', '', 'VDSL-130-13-148-225.PHNX.QWEST.NET', 'irc.freenode.net', 0, 0, NULL, NULL),
(538, NULL, 1, 'n=bugihugi', '', 'node116.hs.phippu.ch', 'irc.freenode.net', 0, 0, NULL, NULL),
(539, NULL, 1, 'n=hq4ever', '', '87.69.20.250.cable.012.net.il', 'irc.freenode.net', 0, 0, NULL, NULL),
(540, NULL, 1, 'n=daryl', '', 'c-68-62-181-159.hsd1.tn.comcast.net', 'irc.freenode.net', 0, 0, NULL, NULL),
(541, NULL, 1, 'n=mati', '', 'unaffiliated/redguy', 'irc.freenode.net', 0, 0, NULL, NULL),
(542, NULL, 1, 'n=james', '', 'apache2-igloo.milliken.dreamhost.com', 'irc.freenode.net', 0, 1, NULL, NULL),
(543, NULL, 1, 'n=Lester', '', '71.233.244.55', 'irc.freenode.net', 0, 0, NULL, NULL),
(544, NULL, 1, 'i=rage', '', 'shell.iinet.net.au', 'irc.freenode.net', 0, 0, NULL, NULL),
(545, NULL, 1, 'n=stefanor', '', 'sirius.stratexnet.co.za', 'irc.freenode.net', 0, 0, NULL, NULL),
(546, NULL, 1, 'i=jonathan', '', '5-165-ftth.onsnetnuenen.nl', 'irc.freenode.net', 0, 0, NULL, NULL),
(547, NULL, 1, 'n=chesty', '', 'unconcerned.org', 'irc.freenode.net', 0, 0, NULL, NULL),
(548, NULL, 1, 'i=miro', '', '80.80.231.229', 'irc.freenode.net', 0, 0, NULL, NULL),
(549, NULL, 1, 'n=ben', '', 'port-87-234-143-165.dynamic.qsc.de', 'irc.freenode.net', 0, 1, NULL, NULL),
(550, NULL, 1, 'n=exposure', '', '145.76.18.61', 'irc.freenode.net', 0, 0, NULL, NULL),
(551, NULL, 1, 'n=ggoogi', '', '58.230.5.89', 'irc.freenode.net', 0, 0, NULL, NULL),
(552, NULL, 1, 'n=jtd', '', 'adsl-76-208-1-114.dsl.sbndin.sbcglobal.net', 'irc.freenode.net', 0, 0, NULL, NULL),
(553, NULL, 1, 'n=joe', '', 'c-24-17-66-78.hsd1.mn.comcast.net', 'irc.freenode.net', 0, 0, NULL, NULL),
(554, NULL, 1, 'n=circusbr', '', 'c-68-41-206-174.hsd1.mi.comcast.net', 'irc.freenode.net', 0, 0, NULL, NULL),
(555, NULL, 1, 'n=talisein', '', 'c-24-5-202-191.hsd1.ca.comcast.net', 'irc.freenode.net', 0, 0, NULL, NULL),
(556, NULL, 1, 'n=mykilx', '', 'pool-71-98-162-157.tampfl.dsl-w.verizon.net', 'irc.freenode.net', 0, 0, NULL, NULL),
(557, NULL, 1, 'n=DS_Staff', '', 'unaffiliated/PwcrLinux', 'irc.freenode.net', 0, 0, NULL, NULL),
(558, NULL, 1, 'n=collin', '', 'c-69-251-94-190.hsd1.md.comcast.net', 'irc.freenode.net', 0, 0, NULL, NULL),
(559, NULL, 1, 'n=MansaMus', '', 'd14-69-9-66.try.wideopenwest.com', 'irc.freenode.net', 0, 0, NULL, NULL),
(560, NULL, 1, 'n=Hanna', '', 'pc214.host3.trt.starman.ee', 'irc.freenode.net', 0, 0, NULL, NULL),
(561, NULL, 1, 'n=izaac', '', 'unaffiliated/izaac', 'irc.freenode.net', 0, 0, NULL, NULL),
(562, NULL, 1, 'n=adam', '', 'c-24-4-100-197.hsd1.ca.comcast.net', 'irc.freenode.net', 0, 1, NULL, NULL),
(563, NULL, 1, 'i=dizzie', '', 'is.a.big.fat.cow.saying.mooo.com', 'irc.freenode.net', 0, 0, NULL, NULL),
(564, NULL, 1, 'n=nnnnnnnn', '', 'tuxmachine.xs4all.nl', 'irc.freenode.net', 0, 0, NULL, NULL),
(565, NULL, 1, 'n=gunne', '', '81-232-134-52-no22.tbcn.telia.com', 'irc.freenode.net', 0, 0, NULL, NULL),
(566, NULL, 1, 'n=enabl', '', 'host-84-9-82-32.bulldogdsl.com', 'irc.freenode.net', 0, 0, NULL, NULL),
(567, NULL, 1, 'n=Jonbo123', '', 'adsl-074-229-245-180.sip.bhm.bellsouth.net', 'irc.freenode.net', 0, 0, NULL, NULL),
(568, NULL, 1, 'n=max', '', 'cpe-74-69-17-126.rochester.res.rr.com', 'irc.freenode.net', 0, 0, NULL, NULL),
(569, NULL, 1, 'n=piglit', '', 'cc104481-a.groni1.gr.home.nl', 'irc.freenode.net', 0, 0, NULL, NULL),
(570, NULL, 1, 'n=ntoivola', '', 'he.fi', 'irc.freenode.net', 0, 0, NULL, NULL),
(571, NULL, 1, 'n=aloril', '', 'kaar72.airix.fi', 'irc.freenode.net', 0, 0, NULL, NULL),
(572, NULL, 1, 'n=michael', '', 'unaffiliated/lonervamp', 'irc.freenode.net', 0, 0, NULL, NULL),
(573, NULL, 1, 'n=zonum', '', 'adsl-156-209-204.mia.bellsouth.net', 'irc.freenode.net', 0, 0, NULL, NULL),
(574, NULL, 1, 'n=bun', '', 'unaffiliated/bun-bun', 'irc.freenode.net', 0, 0, NULL, NULL),
(575, NULL, 1, 'n=IRCArch', '', '81.171.111.142', 'irc.freenode.net', 0, 0, NULL, NULL),
(576, NULL, 1, 'n=narg', '', 'dsl-72-55-216-113.tcq.net', 'irc.freenode.net', 0, 0, NULL, NULL),
(577, NULL, 1, 'n=Spinnake', '', 'dsl-roigw2-fe82df00-134.dhcp.inet.fi', 'irc.freenode.net', 0, 0, NULL, NULL),
(578, NULL, 1, 'n=qsloqs', '', '200.46.218.7', 'irc.freenode.net', 0, 0, NULL, NULL),
(579, NULL, 1, 'n=bugz', '', 'adsl-69-235-248-9.dsl.irvnca.pacbell.net', 'irc.freenode.net', 0, 0, NULL, NULL),
(580, NULL, 1, 'n=trifith', '', 'dargo.trilug.org', 'irc.freenode.net', 0, 0, NULL, NULL),
(581, NULL, 1, 'n=quad3d', '', '72.183.114.200', 'irc.freenode.net', 0, 0, NULL, NULL),
(582, NULL, 1, 'n=rellik', '', '24-107-128-52.dhcp.stls.mo.charter.com', 'irc.freenode.net', 0, 0, NULL, NULL),
(583, NULL, 1, 'n=seveas', '', 'ubuntu/member/seveas', 'irc.freenode.net', 0, 0, NULL, NULL),
(584, NULL, 1, 'n=autoklau', '', 'usrgw.stubnet.dk', 'irc.freenode.net', 0, 0, NULL, NULL),
(585, NULL, 1, 'n=kent', '', '82.145.136.38', 'irc.freenode.net', 0, 0, NULL, NULL),
(586, NULL, 1, 'n=amigax', '', 'cm31.sigma27.maxonline.com.sg', 'irc.freenode.net', 0, 0, NULL, NULL),
(587, NULL, 1, 'n=joerlend', '', '237-191.dsl.freewave.no', 'irc.freenode.net', 0, 0, NULL, NULL),
(588, NULL, 1, 'i=heh32404', '', 'dxb-as87281.alshamil.net.ae', 'irc.freenode.net', 0, 0, NULL, NULL),
(589, NULL, 1, 'n=sean', '', 'cpe-069-132-052-158.carolina.res.rr.com', 'irc.freenode.net', 0, 0, NULL, NULL),
(590, NULL, 1, 'n=memic', '', 'timeoutd.org', 'irc.freenode.net', 0, 0, NULL, NULL),
(591, NULL, 1, 'n=kbergstr', '', 'kosh.hut.fi', 'irc.freenode.net', 0, 1, NULL, NULL),
(592, NULL, 1, 'i=waronen', '', 'myntti.helsinki.fi', 'irc.freenode.net', 0, 0, NULL, NULL),
(593, NULL, 1, 'i=henri', '', 'rigel.orion-hosting.co.uk', 'irc.freenode.net', 0, 0, NULL, NULL),
(594, NULL, 1, 'n=burzum', '', 'ftp.probe-networks.lkams.kernel.org', 'irc.freenode.net', 0, 0, NULL, NULL),
(595, NULL, 1, 'n=NULL', '', 'c-69-246-204-41.hsd1.in.comcast.net', 'irc.freenode.net', 0, 0, NULL, NULL),
(596, NULL, 1, 'n=del', '', 'S01060050bfa2ff46.va.shawcable.net', 'irc.freenode.net', 0, 0, NULL, NULL),
(597, NULL, 1, 'n=mako', '', 'bork.hampshire.edu', 'irc.freenode.net', 0, 0, NULL, NULL),
(598, NULL, 1, 'n=tomb', '', 'host81-156-203-232.range81-156.btcentralplus.com', 'irc.freenode.net', 0, 0, NULL, NULL),
(599, NULL, 1, 'n=aoupi', '', 'c-ac65e253.357-1-64736c10.cust.bredbandsbolaget.se', 'irc.freenode.net', 0, 0, NULL, NULL),
(600, NULL, 1, 'n=arvidjo', '', 'c80-216-165-91.bredband.comhem.se', 'irc.freenode.net', 0, 0, NULL, NULL),
(601, NULL, 1, 'i=ubuntulo', '', 'ubuntu/bot/ubuntulog', 'irc.freenode.net', 0, 0, NULL, NULL),
(602, NULL, 1, 'i=brice', '', 'stealth.kirenet.com', 'irc.freenode.net', 0, 0, NULL, NULL),
(603, NULL, 1, 'n=saispo', '', 'ryu.zarb.org', 'irc.freenode.net', 0, 0, NULL, NULL),
(604, NULL, 1, 'i=henke', '', 'ua-83-227-168-197.cust.bredbandsbolaget.se', 'irc.freenode.net', 0, 0, NULL, NULL),
(605, NULL, 1, 'n=tywon', '', 'ool-182cfde6.dyn.optonline.net', 'irc.freenode.net', 0, 0, NULL, NULL),
(606, NULL, 1, 'i=adml', '', 'freenode/staff/alindeman', 'irc.freenode.net', 0, 1, NULL, NULL),
(607, NULL, 1, 'n=anjuna', '', 'ip-152-234.sn2.eutelia.it', 'irc.freenode.net', 0, 0, NULL, NULL),
(608, NULL, 1, 'n=chrisd', '', 'acez-denied.org', 'irc.freenode.net', 0, 0, NULL, NULL),
(609, NULL, 1, 'n=chris', '', 'Lafrowda-17.ex.ac.uk', 'irc.freenode.net', 0, 0, NULL, NULL),
(610, NULL, 1, 'n=shack', '', 'dsl-lprgw4-fedbde00-32.dhcp.inet.fi', 'irc.freenode.net', 0, 0, NULL, NULL),
(611, NULL, 1, 'i=nobody', '', '203.26.40.81', 'irc.freenode.net', 0, 0, NULL, NULL),
(612, NULL, 1, 'n=z0rz', '', 'doc-24-32-53-169.we.ok.cebridge.net', 'irc.freenode.net', 0, 0, NULL, NULL),
(613, NULL, 1, 'n=crocd', '', 'lanwan.plus.com', 'irc.freenode.net', 0, 1, NULL, NULL),
(614, NULL, 1, 'n=kana_kan', '', 'adsl-69-232-202-49.dsl.pltn13.pacbell.net', 'irc.freenode.net', 0, 0, NULL, NULL),
(615, NULL, 1, 'n=adlaiff6', '', '129.49.7.102', 'irc.freenode.net', 0, 0, NULL, NULL),
(616, NULL, 1, 'n=shadebug', '', '8.pool85-57-128.dynamic.orange.es', 'irc.freenode.net', 0, 0, NULL, NULL),
(617, NULL, 1, 'i=krolik', '', 'czlug.icis.pcz.pl', 'irc.freenode.net', 0, 0, NULL, NULL),
(618, NULL, 1, 'i=casper', '', 'tulis.dsinet.org', 'irc.freenode.net', 0, 0, NULL, NULL),
(619, NULL, 1, 'i=mjrauhal', '', 'myntti.helsinki.fi', 'irc.freenode.net', 0, 1, NULL, NULL),
(620, NULL, 1, 'i=joejaxx', '', 'ubuntu/member/joejaxx', 'irc.freenode.net', 0, 1, NULL, NULL),
(621, NULL, 1, 'n=george', '', '12-207-146-74.client.mchsi.com', 'irc.freenode.net', 0, 0, NULL, NULL),
(622, NULL, 1, 'i=enkrypte', '', '71.4.147.219.ptr.us.xo.net', 'irc.freenode.net', 0, 0, NULL, NULL),
(623, NULL, 1, 'n=dsewnr', '', 'ethesys.isu.edu.tw', 'irc.freenode.net', 0, 1, NULL, NULL),
(624, NULL, 1, 'n=tapas', '', 'affenbande.org', 'irc.freenode.net', 0, 1, NULL, NULL),
(625, NULL, 1, 'n=Bac9', '', '2001:5c0:8b02:1:250:4ff:fe61:35f7', 'irc.freenode.net', 0, 0, NULL, NULL),
(626, NULL, 1, 'i=jolts', '', 'c-bf65e253.310-1-64736c10.cust.bredbandsbolaget.se', 'irc.freenode.net', 0, 0, NULL, NULL),
(627, NULL, 1, 'i=xappe', '', 'kund220-3.teknikbyran.com', 'irc.freenode.net', 0, 0, NULL, NULL),
(628, NULL, 1, 'n=anon', '', 'yoda.frogfoot.net', 'irc.freenode.net', 0, 0, NULL, NULL),
(629, NULL, 1, 'n=paul', '', 'cpe-24-208-190-43.columbus.res.rr.com', 'irc.freenode.net', 0, 0, NULL, NULL),
(630, NULL, 1, 'n=steven', '', 'd54C3F707.access.telenet.be', 'irc.freenode.net', 0, 0, NULL, NULL),
(631, NULL, 1, 'n=beasty', '', 'about/apple/macbook/beasty', 'irc.freenode.net', 0, 0, NULL, NULL),
(632, NULL, 1, 'n=vlc', '', 'user169.82-197-249.netatonce.net', 'irc.freenode.net', 0, 1, NULL, NULL),
(633, NULL, 1, 'i=wiseguy', '', 'imma.cyber-terrorist.so.fearme.net', 'irc.freenode.net', 0, 0, NULL, NULL),
(634, NULL, 1, 'n=jack', '', 'host86-144-222-197.range86-144.btcentralplus.com', 'irc.freenode.net', 0, 0, NULL, NULL),
(635, NULL, 1, 'i=mtp', '', '217.172.33.15', 'irc.freenode.net', 0, 1, NULL, NULL),
(636, NULL, 1, 'n=quad3d', '', '12.110.209.75', 'irc.freenode.net', 0, 1, NULL, NULL),
(637, NULL, 1, 'n=paul', '', '202.174.42.5', 'irc.freenode.net', 0, 0, NULL, NULL),
(638, NULL, 1, 'n=jochem', '', 'jkossen.nl', 'irc.freenode.net', 0, 0, NULL, NULL),
(639, NULL, 1, 'n=tsmithe', '', '82-70-109-22.dsl.in-addr.zen.co.uk', 'irc.freenode.net', 0, 0, NULL, NULL),
(640, NULL, 1, 'n=hellspaw', '', 'objectx/robert', 'irc.freenode.net', 0, 0, NULL, NULL),
(641, NULL, 1, 'n=tomsku', '', 'dsl-tregw3-fe4ddf00-223.dhcp.inet.fi', 'irc.freenode.net', 0, 0, NULL, NULL),
(642, NULL, 1, 'i=sk', '', 'andariel.informatik.uni-erlangen.de', 'irc.freenode.net', 0, 0, NULL, NULL),
(643, NULL, 1, 'i=defend', '', '38.113.5.165', 'irc.freenode.net', 0, 0, NULL, NULL),
(644, NULL, 1, 'n=94752345', '', 'S0106000c41ed11e1.vf.shawcable.net', 'irc.freenode.net', 0, 0, NULL, NULL),
(645, NULL, 1, 'n=camos', '', 'a88-112-122-102.elisa-laajakaista.fi', 'irc.freenode.net', 0, 1, NULL, NULL),
(646, NULL, 1, 'n=fusspils', '', '194-144-36-99.du.xdsl.is', 'irc.freenode.net', 0, 0, NULL, NULL),
(647, NULL, 1, 'n=Rupert', '', 'a82-92-35-21.adsl.xs4all.nl', 'irc.freenode.net', 0, 0, NULL, NULL),
(648, NULL, 1, 'n=mikko', '', 'lotus.puolikuu.net', 'irc.freenode.net', 0, 0, NULL, NULL),
(649, NULL, 1, 'n=fubar', '', 'cm247.sigma200.maxonline.com.sg', 'irc.freenode.net', 0, 0, NULL, NULL),
(650, NULL, 1, 'n=nnnimumb', '', 'borknet.org', 'irc.freenode.net', 0, 1, NULL, NULL),
(651, NULL, 1, 'i=mateusza', '', 'boss.staszic.waw.pl', 'irc.freenode.net', 0, 0, NULL, NULL),
(652, NULL, 1, 'n=herman', '', 'ubuntu/member/spacey', 'irc.freenode.net', 0, 0, NULL, NULL),
(653, NULL, 1, 'n=danilo', '', 'adsl-233-130.eunet.yu', 'irc.freenode.net', 0, 0, NULL, NULL),
(654, NULL, 1, 'i=niels-fn', '', 'nerdKing.de', 'irc.freenode.net', 0, 0, NULL, NULL),
(655, NULL, 1, 'i=thedavid', '', 'thoughtcrime-3.student.iastate.edu', 'irc.freenode.net', 0, 0, NULL, NULL),
(656, NULL, 1, 'n=mave_fne', '', 'HSI-KBW-082-212-056-251.hsi.kabelbw.de', 'irc.freenode.net', 0, 0, NULL, NULL),
(657, NULL, 1, 'n=firsty', '', 'nv-76-4-226-104.dhcp.embarqhsd.net', 'irc.freenode.net', 0, 0, NULL, NULL),
(658, NULL, 1, 'n=lightsta', '', '60.50.33.202', 'irc.freenode.net', 0, 0, NULL, NULL),
(659, NULL, 1, 'n=dmartin', '', '24-107-6-92.dhcp.stls.mo.charter.com', 'irc.freenode.net', 0, 1, NULL, NULL),
(660, NULL, 1, 'n=fear', '', 'xbmc/user/fearphage', 'irc.freenode.net', 0, 0, NULL, NULL),
(661, NULL, 1, 'n=Versed', '', 'c-69-253-173-154.hsd1.nj.comcast.net', 'irc.freenode.net', 0, 0, NULL, NULL),
(662, NULL, 1, 'n=acm', '', 'c-67-190-74-12.hsd1.co.comcast.net', 'irc.freenode.net', 0, 0, NULL, NULL),
(663, NULL, 1, 'n=robertj', '', '66-168-215-105.dhcp.athn.ga.charter.com', 'irc.freenode.net', 0, 0, NULL, NULL),
(664, NULL, 1, 'n=Lester', '', '71.233.244.55', 'irc.freenode.net', 0, 0, NULL, NULL),
(665, NULL, 1, 'n=charles', '', '65.101.241.129', 'irc.freenode.net', 0, 0, NULL, NULL),
(666, NULL, 1, 'n=eric', '', '71-35-121-20.tukw.qwest.net', 'irc.freenode.net', 0, 0, NULL, NULL),
(667, NULL, 1, 'n=Trixsey', '', 'c-3a9072d5.012-2011-73746f31.cust.bredbandsbolaget.se', 'irc.freenode.net', 0, 0, NULL, NULL),
(668, NULL, 1, 'n=andreas', '', 'cm56-241-130.liwest.at', 'irc.freenode.net', 0, 0, NULL, NULL),
(669, NULL, 1, 'n=mteter', '', 'mail.jettapc.com', 'irc.freenode.net', 0, 0, NULL, NULL),
(670, NULL, 1, 'n=moonlite', '', 'starbase.olf.sgsnet.se', 'irc.freenode.net', 0, 1, NULL, NULL),
(671, NULL, 1, 'n=s0d_0ff', '', 'c-66-31-142-244.hsd1.ma.comcast.net', 'irc.freenode.net', 0, 0, NULL, NULL),
(672, NULL, 1, 'n=adam', '', '131.194.234.45', 'irc.freenode.net', 0, 0, NULL, NULL),
(673, NULL, 1, 'n=KenSentM', '', 'a82-92-80-8.adsl.xs4all.nl', 'irc.freenode.net', 0, 0, NULL, NULL),
(674, NULL, 1, 'n=frode', '', 'ubuntu/member/frode', 'irc.freenode.net', 0, 1, NULL, NULL),
(675, NULL, 1, 'n=mikl', '', 'pdpc/supporter/active/mikl', 'irc.freenode.net', 0, 0, NULL, NULL),
(676, NULL, 1, 'n=nsirota', '', 'denali.ccs.neu.edu', 'irc.freenode.net', 0, 0, NULL, NULL),
(677, NULL, 1, 'n=slicslak', '', 'S01060014bf0ed3be.ed.shawcable.net', 'irc.freenode.net', 0, 0, NULL, NULL),
(678, NULL, 1, 'n=a', '', 'c83-253-88-162.bredband.comhem.se', 'irc.freenode.net', 0, 0, NULL, NULL),
(679, NULL, 1, 'n=myockey', '', 'pdpc/supporter/active/Yock', 'irc.freenode.net', 0, 1, NULL, NULL),
(680, NULL, 1, 'n=ve7wnk', '', '207.23.86.21', 'irc.freenode.net', 0, 0, NULL, NULL),
(681, NULL, 1, 'i=padlefot', '', 'buffylove.org', 'irc.freenode.net', 0, 0, NULL, NULL),
(682, NULL, 1, 'n=cbell', '', 'circe.inetdb.com', 'irc.freenode.net', 0, 0, NULL, NULL),
(683, NULL, 1, 'n=neogenix', '', 'globlet.eefy.net', 'irc.freenode.net', 0, 0, NULL, NULL),
(684, NULL, 1, 'n=CNU', '', '89.10.26.60', 'irc.freenode.net', 0, 0, NULL, NULL),
(685, NULL, 1, 'n=john', '', 'decande.xs4all.nl', 'irc.freenode.net', 0, 0, NULL, NULL),
(686, NULL, 1, 'n=vitriol', '', 'arcane/supporter/developer/vitriol', 'irc.freenode.net', 0, 0, NULL, NULL),
(687, NULL, 1, 'n=gary', '', 'pool-71-117-203-59.ptldor.dsl-w.verizon.net', 'irc.freenode.net', 0, 0, NULL, NULL),
(688, NULL, 1, 'n=tritium', '', 'ubuntu/member/tritium', 'irc.freenode.net', 0, 1, NULL, NULL),
(689, NULL, 1, 'n=blithe', '', 'shrv-c-068.resnet.purdue.edu', 'irc.freenode.net', 0, 1, NULL, NULL),
(690, NULL, 1, 'i=stylus', '', 'tapthru/operator/stylus', 'irc.freenode.net', 0, 0, NULL, NULL),
(691, NULL, 1, 'n=tomas', '', '213.212.2.98', 'irc.freenode.net', 0, 0, NULL, NULL),
(692, NULL, 1, 'i=bez', '', 'selar.scimita.de', 'irc.freenode.net', 0, 1, NULL, NULL),
(693, NULL, 1, 'n=eno', '', 'nslu2-linux/eno', 'irc.freenode.net', 0, 0, NULL, NULL),
(694, NULL, 1, 'n=akh', '', '193.3.39.33', 'irc.freenode.net', 0, 0, NULL, NULL),
(695, NULL, 1, 'n=kenneth', '', '202.126.108.183', 'irc.freenode.net', 0, 0, NULL, NULL),
(696, NULL, 1, 'n=Luke', '', '74-132-214-24.dhcp.insightbb.com', 'irc.freenode.net', 0, 0, NULL, NULL),
(697, NULL, 1, 'n=brum', '', '24-247-7-12.dhcp.aldl.mi.charter.com', 'irc.freenode.net', 0, 0, NULL, NULL),
(698, NULL, 1, 'i=jergca', '', 'c-71-56-76-189.hsd1.ga.comcast.net', 'irc.freenode.net', 0, 0, NULL, NULL),
(699, NULL, 1, 'n=ndyeske', '', '68-114-29-196.dhcp.gwnt.ga.charter.com', 'irc.freenode.net', 0, 0, NULL, NULL),
(700, NULL, 1, 'i=lj', '', 'spamshack.org', 'irc.freenode.net', 0, 0, NULL, NULL),
(701, NULL, 1, 'n=vaxaren', '', 'adsl-36-5.regionline.fi', 'irc.freenode.net', 0, 0, NULL, NULL),
(702, NULL, 1, 'n=xerophyt', '', 'CPE00400559e956-CM014310117547.cpe.net.cable.rogers.com', 'irc.freenode.net', 0, 0, NULL, NULL),
(703, NULL, 1, 'n=Miranda', '', 'pool-71-117-203-59.ptldor.dsl-w.verizon.net', 'irc.freenode.net', 0, 1, NULL, NULL),
(704, NULL, 1, 'n=crass', '', 'rrcs-24-73-245-194.sw.biz.rr.com', 'irc.freenode.net', 0, 0, NULL, NULL),
(705, NULL, 1, 'n=sharcle', '', 'adsl-153-28-74.gsp.bellsouth.net', 'irc.freenode.net', 0, 0, NULL, NULL),
(706, NULL, 1, 'n=denver', '', '12.107.36.226', 'irc.freenode.net', 0, 0, NULL, NULL),
(707, NULL, 1, 'i=darn', '', '72.20.3.66', 'irc.freenode.net', 0, 0, NULL, NULL),
(708, NULL, 1, 'n=pastafzu', '', 'unaffiliated/gurt', 'irc.freenode.net', 0, 0, NULL, NULL),
(709, NULL, 1, 'n=kditty', '', 'cpe-69-135-197-58.woh.res.rr.com', 'irc.freenode.net', 0, 0, NULL, NULL),
(710, NULL, 1, 'n=martyr', '', 'node230-105.unnamed.db.erau.edu', 'irc.freenode.net', 0, 0, NULL, NULL),
(711, NULL, 1, 'n=r3set', '', 'xglusers.de', 'irc.freenode.net', 0, 1, NULL, NULL),
(712, NULL, 1, 'n=mark', '', 'aberlug/TokenGoth', 'irc.freenode.net', 0, 0, NULL, NULL),
(713, NULL, 1, 'n=gonzalo', '', '64.76.110.15', 'irc.freenode.net', 0, 0, NULL, NULL),
(714, NULL, 1, 'n=jonatan', '', 'c213-100-27-45.swipnet.se', 'irc.freenode.net', 0, 1, NULL, NULL),
(715, NULL, 1, 'i=bluepunk', '', 'irssi.co.uk', 'irc.freenode.net', 0, 0, NULL, NULL),
(716, NULL, 1, 'n=renato', '', '200.184.118.132', 'irc.freenode.net', 0, 0, NULL, NULL),
(717, NULL, 1, 'i=tsw', '', 'backspace.fi', 'irc.freenode.net', 0, 1, NULL, NULL),
(718, NULL, 1, 'n=smccoy', '', 'p3m/member/tag', 'irc.freenode.net', 0, 0, NULL, NULL),
(719, NULL, 1, 'n=lars', '', '217-178-24.0511.adsl.tele2.no', 'irc.freenode.net', 0, 0, NULL, NULL),
(720, NULL, 1, 'i=tim__b', '', 'draws.asciians.info', 'irc.freenode.net', 0, 0, NULL, NULL),
(721, NULL, 1, 'i=ostgor01', '', 'shell.netikka.fi', 'irc.freenode.net', 0, 0, NULL, NULL),
(722, NULL, 1, 'n=kvirc', '', '66.60.179.61', 'irc.freenode.net', 0, 0, NULL, NULL),
(723, NULL, 1, 'n=Melter', '', 'dyn248.iacc-tm4.ndsu.NoDak.edu', 'irc.freenode.net', 0, 0, NULL, NULL),
(724, NULL, 1, 'n=mat', '', 'igoan/mat', 'irc.freenode.net', 0, 0, NULL, NULL),
(725, NULL, 1, 'n=wolki', '', 'client418.sg.fr.studentenwohnheim-bw.de', 'irc.freenode.net', 0, 0, NULL, NULL),
(726, NULL, 1, 'n=pedro', '', 'gw-staff-ci.fct.unl.pt', 'irc.freenode.net', 0, 0, NULL, NULL),
(727, NULL, 1, 'n=brussel', '', 'cpe-75-80-175-84.san.res.rr.com', 'irc.freenode.net', 0, 0, NULL, NULL),
(728, NULL, 1, 'n=Dink', '', '208.53.141.130', 'irc.freenode.net', 0, 0, NULL, NULL),
(729, NULL, 1, 'n=otto', '', 'brucester.a20.net', 'irc.freenode.net', 0, 0, NULL, NULL),
(730, NULL, 1, 'n=w00t', '', '84-72-23-59.dclient.hispeed.ch', 'irc.freenode.net', 0, 0, NULL, NULL),
(731, NULL, 1, 'i=paul', '', 'starsky.19inch.net', 'irc.freenode.net', 0, 1, NULL, NULL),
(732, NULL, 1, 'i=jr', '', 'kde/jriddell', 'irc.freenode.net', 0, 0, NULL, NULL),
(733, NULL, 1, 'n=jeffery', '', 'hlfxns0147w-142167199250.pppoe-dynamic.ns.aliant.net', 'irc.freenode.net', 0, 0, NULL, NULL),
(734, NULL, 1, 'i=nobody', '', '24-155-26-181.dyn.grandenetworks.net', 'irc.freenode.net', 0, 0, NULL, NULL),
(735, NULL, 1, 'n=daveyj', '', 'ool-44c257f1.dyn.optonline.net', 'irc.freenode.net', 0, 0, NULL, NULL),
(736, NULL, 1, 'i=Hideit', '', 'dns-cache2.tixit.se', 'irc.freenode.net', 0, 0, NULL, NULL),
(737, NULL, 1, 'n=nacer', '', 'l.alcolo.a.mpl.pastIX.net', 'irc.freenode.net', 0, 0, NULL, NULL),
(738, NULL, 1, 'i=insecta', '', 'on.verkossa.org', 'irc.freenode.net', 0, 1, NULL, NULL),
(739, NULL, 1, 'n=lgespee', '', 'loe.xs4all.nl', 'irc.freenode.net', 0, 0, NULL, NULL),
(740, NULL, 1, 'n=oddbloke', '', 'compsoc.sunion.warwick.ac.uk', 'irc.freenode.net', 0, 0, NULL, NULL),
(741, NULL, 1, 'i=jplauril', '', 'a88-113-2-185.elisa-laajakaista.fi', 'irc.freenode.net', 0, 0, NULL, NULL),
(742, NULL, 1, 'n=nomego', '', '213.136.44.98', 'irc.freenode.net', 0, 0, NULL, NULL),
(743, NULL, 1, 'n=z', '', 'adsl-69-235-149-42.dsl.irvnca.pacbell.net', 'irc.freenode.net', 0, 0, NULL, NULL),
(744, NULL, 1, 'n=corey', '', 'pool-71-252-254-218.dllstx.fios.verizon.net', 'irc.freenode.net', 0, 0, NULL, NULL),
(745, NULL, 1, 'n=h0h0', '', 'a88-113-56-216.elisa-laajakaista.fi', 'irc.freenode.net', 0, 0, NULL, NULL),
(746, NULL, 1, 'i=iter', '', 'obliviated.org', 'irc.freenode.net', 0, 0, NULL, NULL),
(747, NULL, 1, 'n=kill3r', '', 'h69-128-116-234.69-128.unk.tds.net', 'irc.freenode.net', 0, 0, NULL, NULL),
(748, NULL, 1, 'n=mfmf', '', 'access.glocalnet.com', 'irc.freenode.net', 0, 0, NULL, NULL),
(749, NULL, 1, 'n=cratel', '', '156.26.67.1', 'irc.freenode.net', 0, 0, NULL, NULL),
(750, NULL, 1, 'n=eracc', '', '72-4-41-2.365-2.jaxnet.net', 'irc.freenode.net', 0, 1, NULL, NULL),
(751, NULL, 1, 'n=SpacePup', '', 'unaffiliated/iidot', 'irc.freenode.net', 0, 0, NULL, NULL),
(752, NULL, 1, 'n=jeruvy', '', 'unaffiliated/jeruvy', 'irc.freenode.net', 0, 0, NULL, NULL),
(753, NULL, 1, 'i=jonas', '', 'trimix.eklof.eu', 'irc.freenode.net', 0, 0, NULL, NULL),
(754, NULL, 1, 'i=drazq', '', 'numbat.inamo.no', 'irc.freenode.net', 0, 0, NULL, NULL),
(755, NULL, 1, 'n=DGJ-Work', '', 'unaffiliated/dgj', 'irc.freenode.net', 0, 0, NULL, NULL),
(756, NULL, 1, 'n=runge', '', 'c-cddae255.215-5-64736c10.cust.bredbandsbolaget.se', 'irc.freenode.net', 0, 0, NULL, NULL),
(757, NULL, 1, 'i=diskus', '', 'lelux.net', 'irc.freenode.net', 0, 0, NULL, NULL),
(758, NULL, 1, 'n=eliphas_', '', 'host-84-9-255-148.bulldogdsl.com', 'irc.freenode.net', 0, 0, NULL, NULL),
(759, NULL, 1, 'n=spoop', '', 'c-76-23-162-16.hsd1.ct.comcast.net', 'irc.freenode.net', 0, 0, NULL, NULL),
(760, NULL, 1, 'i=numist', '', 'freenode/staff/scott', 'irc.freenode.net', 0, 1, NULL, NULL),
(761, NULL, 1, 'i=ozzloy', '', 'unaffiliated/ozzloy', 'irc.freenode.net', 0, 0, NULL, NULL),
(762, NULL, 1, 'n=kesmansh', '', 'e62-248-239-232.elisa-laajakaista.fi', 'irc.freenode.net', 0, 1, NULL, NULL),
(763, NULL, 1, 'i=ys76', '', 'linoa.etherkiller.de', 'irc.freenode.net', 0, 1, NULL, NULL),
(764, NULL, 1, 'n=cemil', '', 'defiant.wavecon.de', 'irc.freenode.net', 0, 0, NULL, NULL),
(765, NULL, 1, 'n=carld', '', 'affil174.aces.uiuc.edu', 'irc.freenode.net', 0, 0, NULL, NULL),
(766, NULL, 1, 'n=binja', '', 'smtp.adocca.net', 'irc.freenode.net', 0, 0, NULL, NULL),
(767, NULL, 1, 'n=blueeagl', '', 'ti541210a340-0641.bb.online.no', 'irc.freenode.net', 0, 0, NULL, NULL),
(768, NULL, 1, 'n=who', '', 'c-68-38-166-84.hsd1.nj.comcast.net', 'irc.freenode.net', 0, 1, NULL, NULL),
(769, NULL, 1, 'i=airfoil', '', 'blackprojects.labs.nasa-gov.com', 'irc.freenode.net', 0, 0, NULL, NULL),
(770, NULL, 1, 'n=karl', '', '82.108.14.161', 'irc.freenode.net', 0, 0, NULL, NULL),
(771, NULL, 1, 'n=james', '', '86.148.155.89', 'irc.freenode.net', 0, 0, NULL, NULL),
(772, NULL, 1, 'n=Tristan', '', 'A.Condom.Made.My.Firewall.Pr0tected.us', 'irc.freenode.net', 0, 0, NULL, NULL),
(773, NULL, 1, 'n=aib', '', 'pdpc/supporter/basic/aib', 'irc.freenode.net', 0, 0, NULL, NULL),
(774, NULL, 1, 'n=zeck', '', 'ax113-3-82-234-26-6.fbx.proxad.net', 'irc.freenode.net', 0, 0, NULL, NULL),
(775, NULL, 1, 'n=tommason', '', 'unaffiliated/tomfmason', 'irc.freenode.net', 0, 0, NULL, NULL),
(776, NULL, 1, 'n=joseph', '', '195.11.98.194', 'irc.freenode.net', 0, 0, NULL, NULL),
(777, NULL, 1, 'n=kandinsk', '', 'rowrcolo.net', 'irc.freenode.net', 0, 0, NULL, NULL),
(778, NULL, 1, 'n=dsewnr', '', 'mail.cna.isu.edu.tw', 'irc.freenode.net', 0, 0, NULL, NULL),
(779, NULL, 1, 'i=drkm', '', 'the.pakis.robbed.us', 'irc.freenode.net', 0, 0, NULL, NULL),
(780, NULL, 1, 'n=freenode', '', 'veryniceshop.com', 'irc.freenode.net', 0, 0, NULL, NULL),
(781, NULL, 1, 'n=salah', '', '195.80-202-89.nextgentel.com', 'irc.freenode.net', 0, 0, NULL, NULL),
(782, NULL, 1, 'n=hotlug', '', 'cpe-24-243-189-247.hot.res.rr.com', 'irc.freenode.net', 0, 0, NULL, NULL),
(783, NULL, 1, 'n=salah', '', '195.80-202-89.nextgentel.com', 'irc.freenode.net', 0, 0, NULL, NULL),
(784, NULL, 1, 'n=cerebri', '', 'toffen.mst.sgsnet.se', 'irc.freenode.net', 0, 0, NULL, NULL),
(785, NULL, 1, 'n=whatsisn', '', 'c-75-72-177-215.hsd1.mn.comcast.net', 'irc.freenode.net', 0, 0, NULL, NULL),
(786, NULL, 1, 'n=anders', '', 'pc157.net161.koping.net', 'irc.freenode.net', 0, 0, NULL, NULL),
(787, NULL, 1, 'i=trygveu', '', 'gaupe.stud.ntnu.no', 'irc.freenode.net', 0, 0, NULL, NULL),
(788, NULL, 1, 'n=lucasvo', '', 'wservices.ch', 'irc.freenode.net', 0, 0, NULL, NULL),
(789, NULL, 1, 'n=mickep', '', 'c-8ac9e253.311-17-64736c12.cust.bredbandsbolaget.se', 'irc.freenode.net', 0, 0, NULL, NULL),
(790, NULL, 1, 'i=thansen', '', 'nat/novell/x-fd9a7fa3c581acf8', 'irc.freenode.net', 0, 0, NULL, NULL),
(791, NULL, 1, 'n=james', '', 'access.glocalnet.com', 'irc.freenode.net', 0, 0, NULL, NULL),
(792, NULL, 1, 'n=sharms', '', 'ubuntu/member/sharms', 'irc.freenode.net', 0, 0, NULL, NULL),
(793, NULL, 1, 'n=ganadist', '', 'ganadist.mizi.com', 'irc.freenode.net', 0, 0, NULL, NULL),
(794, NULL, 1, 'n=dieman', '', '3.14159265358979323846264338327950288419716939937510582097.org', 'irc.freenode.net', 0, 0, NULL, NULL),
(795, NULL, 1, 'n=tbender', '', 'pisa.rz.hs-heilbronn.de', 'irc.freenode.net', 0, 1, NULL, NULL),
(796, NULL, 1, 'n=jair', '', 'adsl-67-36-222-70.dsl.chcgil.ameritech.net', 'irc.freenode.net', 0, 0, NULL, NULL),
(797, NULL, 1, 'n=kolbe', '', 'lith.kolbekegel.com', 'irc.freenode.net', 0, 1, NULL, NULL),
(798, NULL, 1, 'i=taw27', '', 'pip.srcf.societies.cam.ac.uk', 'irc.freenode.net', 0, 0, NULL, NULL),
(799, NULL, 1, 'i=kieran', '', 'creep.bur.st', 'irc.freenode.net', 0, 0, NULL, NULL),
(800, NULL, 1, 'n=inzion', '', '82.197.162.58', 'irc.freenode.net', 0, 0, NULL, NULL),
(801, NULL, 1, 'n=cafuego', '', '202.125.40.185', 'irc.freenode.net', 0, 0, NULL, NULL),
(802, NULL, 1, 'n=jukka', '', 'dsl-083-102-036-37.lohjanpuhelin.fi', 'irc.freenode.net', 0, 1, NULL, NULL),
(803, NULL, 1, 'i=nomad', '', '24-178-96-163.dhcp.stbr.ga.charter.com', 'irc.freenode.net', 0, 0, NULL, NULL),
(804, NULL, 1, 'n=Nikolas', '', 'cs78226015.pp.htv.fi', 'irc.freenode.net', 0, 0, NULL, NULL),
(805, NULL, 1, 'i=rob', '', 'chili.unixpunk.de', 'irc.freenode.net', 0, 0, NULL, NULL),
(806, NULL, 1, 'n=kbrosnan', '', 'ip68-9-230-88.ri.ri.cox.net', 'irc.freenode.net', 0, 0, NULL, NULL),
(807, NULL, 1, 'n=aaron', '', 'oalug/member/atoponce', 'irc.freenode.net', 0, 1, NULL, NULL),
(808, NULL, 1, 'n=moquist', '', 'pool-70-20-57-230.man.east.verizon.net', 'irc.freenode.net', 0, 0, NULL, NULL),
(809, NULL, 1, 'n=lodoss', '', '80.28.117.3', 'irc.freenode.net', 0, 0, NULL, NULL),
(810, NULL, 1, 'n=dsd', '', '80-219-249-197.dclient.hispeed.ch', 'irc.freenode.net', 0, 0, NULL, NULL),
(811, NULL, 1, 'n=bjb', '', '203-206-3-107.dyn.iinet.net.au', 'irc.freenode.net', 0, 0, NULL, NULL),
(812, NULL, 1, 'n=fildo', '', 'c58-107-112-32.livrp1.nsw.optusnet.com.au', 'irc.freenode.net', 0, 1, NULL, NULL),
(813, NULL, 1, 'n=Mr', '', '66.90.86.122', 'irc.freenode.net', 0, 1, NULL, NULL),
(814, NULL, 1, 'i=maswan', '', '130.239.18.157', 'irc.freenode.net', 0, 0, NULL, NULL),
(815, NULL, 1, 'n=eliphas_', '', 'host217-41-36-56.in-addr.btopenworld.com', 'irc.freenode.net', 0, 0, NULL, NULL),
(816, NULL, 1, 'i=mrflu', '', 'laggy.us', 'irc.freenode.net', 0, 0, NULL, NULL),
(817, NULL, 1, 'n=orion', '', 'hypnogogic.org', 'irc.freenode.net', 0, 0, NULL, NULL),
(818, NULL, 1, 'i=dron', '', 'lambda.cultofray.net', 'irc.freenode.net', 0, 0, NULL, NULL),
(819, NULL, 1, 'i=atrus', '', 'S01060000b48e3b44.cg.shawcable.net', 'irc.freenode.net', 0, 0, NULL, NULL),
(820, NULL, 1, 'i=js', '', 'ua-83-227-232-164.cust.bredbandsbolaget.se', 'irc.freenode.net', 0, 0, NULL, NULL),
(821, NULL, 1, 'n=samurai', '', '74-134-155-212.dhcp.insightbb.com', 'irc.freenode.net', 0, 1, NULL, NULL),
(822, NULL, 1, 'i=dean', '', 'unaffiliated/Nameeater', 'irc.freenode.net', 0, 0, NULL, NULL),
(823, NULL, 1, 'i=oidia', '', 'heizenberg.ds.karen.hj.se', 'irc.freenode.net', 0, 0, NULL, NULL),
(824, NULL, 1, 'n=denki', '', 'unconscio.us', 'irc.freenode.net', 0, 0, NULL, NULL),
(825, NULL, 1, 'n=kal0', '', 'cpe-66-25-171-20.austin.res.rr.com', 'irc.freenode.net', 0, 0, NULL, NULL),
(826, NULL, 1, 'n=hawk', '', 'pdpc/supporter/active/hawk', 'irc.freenode.net', 0, 0, NULL, NULL),
(827, NULL, 1, 'n=syeates', '', 'syeates.oucs.ox.ac.uk', 'irc.freenode.net', 0, 0, NULL, NULL),
(828, NULL, 1, 'i=xyrael', '', 'freenode/staff/wikimedia.xyrael', 'irc.freenode.net', 0, 1, NULL, NULL),
(829, NULL, 1, 'n=bja', '', 'c213-100-49-111.swipnet.se', 'irc.freenode.net', 0, 0, NULL, NULL),
(830, NULL, 1, 'i=charlie', '', 'pdpc/supporter/monthlybronze/GTX', 'irc.freenode.net', 0, 0, NULL, NULL),
(831, NULL, 1, 'i=ghoseb', '', 'ubuntu/member/gosub', 'irc.freenode.net', 0, 1, NULL, NULL),
(832, NULL, 1, 'n=smurf', '', 'debian/developer/smurf', 'irc.freenode.net', 0, 0, NULL, NULL),
(833, NULL, 1, 'n=enyc', '', '1337.whitehorse.co.uk', 'irc.freenode.net', 0, 0, NULL, NULL),
(834, NULL, 1, 'i=etefreen', '', 'muhq-owns.de', 'irc.freenode.net', 0, 0, NULL, NULL),
(835, NULL, 1, 'i=dev', '', 'bad.mutha.fucka.org', 'irc.freenode.net', 0, 1, NULL, NULL),
(836, NULL, 1, 'n=freenode', '', 'Take0ver.net', 'irc.freenode.net', 0, 0, NULL, NULL),
(837, NULL, 1, 'n=prg3', '', 'nanowww.cein.ualberta.ca', 'irc.freenode.net', 0, 1, NULL, NULL),
(838, NULL, 1, 'n=tdn', '', 'zeus.sikkerhed.org', 'irc.freenode.net', 0, 1, NULL, NULL),
(839, NULL, 1, 'n=enfo', '', '12.159.64.5', 'irc.freenode.net', 0, 0, NULL, NULL),
(840, NULL, 1, 'n=d4rt', '', '69.37.157.168', 'irc.freenode.net', 0, 0, NULL, NULL),
(841, NULL, 1, 'i=oranenj', '', 'jolt.modeemi.cs.tut.fi', 'irc.freenode.net', 0, 0, NULL, NULL),
(842, NULL, 1, 'n=555', '', 'stan.physik.fu-berlin.de', 'irc.freenode.net', 0, 1, NULL, NULL),
(843, NULL, 1, 'i=spaminat', '', '80.69.47.16', 'irc.freenode.net', 0, 0, NULL, NULL),
(844, NULL, 1, 'n=Afterdea', '', 'about/linux/regular/afterdeath', 'irc.freenode.net', 0, 0, NULL, NULL),
(845, NULL, 1, 'n=neuro', '', 'neuro.me.uk', 'irc.freenode.net', 0, 0, NULL, NULL),
(846, NULL, 1, 'i=ronaldo', '', 'coyote.noc.realroot.com', 'irc.freenode.net', 0, 0, NULL, NULL),
(847, NULL, 1, 'i=sweet', '', '212.209.177.251', 'irc.freenode.net', 0, 1, NULL, NULL),
(848, NULL, 1, 'n=s7n', '', '140-109-229-12.adsl.sinica.edu.tw', 'irc.freenode.net', 0, 0, NULL, NULL),
(849, NULL, 1, 'n=felipe', '', 'my.nada.kth.se', 'irc.freenode.net', 0, 0, NULL, NULL),
(850, NULL, 1, 'i=bindery', '', 'c3p0.reverse.net', 'irc.freenode.net', 0, 0, NULL, NULL),
(851, NULL, 1, 'i=lorez', '', 'freenode/staff/lorez', 'irc.freenode.net', 0, 0, NULL, NULL),
(852, NULL, 1, 'n=trogdor', '', '58.28.96.12', 'irc.freenode.net', 0, 0, NULL, NULL),
(853, NULL, 1, 'n=nncreyon', '', 'thunder.creyon.de', 'irc.freenode.net', 0, 0, NULL, NULL),
(854, NULL, 1, 'i=voas0113', '', 'koopa.saunalahti.fi', 'irc.freenode.net', 0, 0, NULL, NULL),
(855, NULL, 1, 'n=ExM3th1x', '', 'xglusers.de', 'irc.freenode.net', 0, 0, NULL, NULL),
(856, NULL, 1, 'n=lorvija', '', 'adsl-215-238-227.kymp.net', 'irc.freenode.net', 0, 0, NULL, NULL),
(857, NULL, 1, 'n=kapsel', '', '62.242.240.33', 'irc.freenode.net', 0, 0, NULL, NULL),
(858, NULL, 1, 'n=jpjacobs', '', 'dib.ulyssis.student.kuleuven.be', 'irc.freenode.net', 0, 1, NULL, NULL),
(859, NULL, 1, 'n=soop', '', 'waterflood.com', 'irc.freenode.net', 0, 0, NULL, NULL),
(860, NULL, 1, 'n=nicholsc', '', 'shell.onid.oregonstate.edu', 'irc.freenode.net', 0, 0, NULL, NULL),
(861, NULL, 1, 'n=localgho', '', 'pca14.lab.ies.luth.se', 'irc.freenode.net', 0, 0, NULL, NULL),
(862, NULL, 1, 'n=aixing', '', 'port-215.globix.dns.kt.org', 'irc.freenode.net', 0, 0, NULL, NULL),
(863, NULL, 1, 'n=dave', '', 'CPE00c0b7a4274a-CM001225448408.cpe.net.cable.rogers.com', 'irc.freenode.net', 0, 0, NULL, NULL),
(864, NULL, 1, 'n=crimsun', '', 'pdpc/supporter/silver/crimsun', 'irc.freenode.net', 0, 1, NULL, NULL);

-- --------------------------------------------------------

-- 
-- Table structure for table `message_log`
-- 

DROP TABLE IF EXISTS `message_log`;
CREATE TABLE IF NOT EXISTS `message_log` (
  `id` int(11) NOT NULL auto_increment,
  `type` int(11) NOT NULL,
  `nick_id` int(11) NOT NULL,
  `channel_id` int(11) NOT NULL,
  `message` text NOT NULL,
  `message_date` datetime NOT NULL,
  PRIMARY KEY  (`id`),
  KEY `message_log_FI_1` (`channel_id`),
  KEY `message_log_FI_2` (`nick_id`)
) ENGINE=InnoDB DEFAULT CHARSET=latin1 AUTO_INCREMENT=35 ;

-- 
-- Dumping data for table `message_log`
-- 

INSERT INTO `message_log` (`id`, `type`, `nick_id`, `channel_id`, `message`, `message_date`) VALUES (1, 30, 1, 1, '', '2007-01-28 05:47:55'),
(2, 30, 1, 2, '', '2007-01-28 05:47:56'),
(3, 30, 1, 3, '', '2007-01-28 05:48:35'),
(4, 30, 1, 4, '', '2007-01-28 05:48:56'),
(5, 1, 54, 2, 'i know it''s broad....I am a  developer and i want to work with multiple environments.  I use my Mac laptop for everyday use and I like it''s code editors best.  I do app and web development but more for the web...I need databases servers web servers (but I''m sticking that in linux with apache) but I do want t a win server as well then I want to have a SVN server as well and some of these servers can be combined on one machine, i''', '2007-01-28 05:49:11'),
(6, 50, 38, 5, '', '2007-01-28 05:49:11'),
(7, 1, 1736, 4, 'graywhite, who dissed on you?', '2007-01-28 05:49:11'),
(8, 1, 492, 3, 'madd_matt: preaching to the converted again - oh well ;-)', '2007-01-28 05:49:11'),
(9, 1, 55, 2, 'mikejanssen: since you ask that question... I don''t think it''s good advice for you... just use the packaged players until you''re more familiar', '2007-01-28 05:49:11'),
(10, 1, 1736, 4, 'ignore them', '2007-01-28 05:49:11'),
(11, 1, 1442, 4, 'wow i dont think i can remember', '2007-01-28 05:49:11'),
(12, 1, 87, 2, 'sudo mount -t externalfs /media/usbdrive', '2007-01-28 05:49:11'),
(13, 1, 66, 2, 'lol', '2007-01-28 05:49:11'),
(14, 1, 66, 2, 'yea', '2007-01-28 05:49:11'),
(15, 1, 66, 2, 'im using rythmbox for mp3s', '2007-01-28 05:49:11'),
(16, 1, 17, 2, 'I just compiled Audacity from source. I can run the executable, but I''m wondering where I should put the executable. Could someeone tell me where a good place to put the executable on my system?', '2007-01-28 05:49:11'),
(17, 1, 492, 3, 'teledyn_: then you have the right file - what I''m suggesting I guess is a ''local'' test', '2007-01-28 05:49:11'),
(18, 1, 66, 2, 'vlc for vid', '2007-01-28 05:49:11'),
(19, 1, 1736, 4, 'they were probably retarded', '2007-01-28 05:49:11'),
(20, 1, 66, 2, '= X', '2007-01-28 05:49:11'),
(21, 1, 1442, 4, 'probably still hang here though some of these names are familiar ;0', '2007-01-28 05:49:11'),
(22, 1, 87, 2, 'bwlang there is no time like the present to learn to compile and there are awesome guides in the forums', '2007-01-28 05:49:11'),
(23, 30, 1, 1, '', '2007-01-28 05:55:13'),
(24, 30, 1, 2, '', '2007-01-28 05:55:13'),
(25, 30, 1, 3, '', '2007-01-28 05:55:24'),
(26, 30, 1, 4, '', '2007-01-28 05:55:30'),
(27, 1, 4, 1, 'does throwdown have actual useful goals?', '2007-01-28 05:55:35'),
(28, 30, 1, 1, '', '2007-01-28 05:57:48'),
(29, 30, 1, 2, '', '2007-01-28 05:57:48'),
(30, 30, 1, 1, '', '2007-01-28 05:58:00'),
(31, 30, 1, 2, '', '2007-01-28 05:58:01'),
(32, 30, 1, 3, '', '2007-01-28 05:58:11'),
(33, 30, 1, 4, '', '2007-01-28 05:58:17'),
(34, 30, 1485, 4, '', '2007-01-28 05:58:24');

-- --------------------------------------------------------

-- 
-- Table structure for table `nick`
-- 

DROP TABLE IF EXISTS `nick`;
CREATE TABLE IF NOT EXISTS `nick` (
  `id` int(11) NOT NULL auto_increment,
  `nick` varchar(255) NOT NULL,
  `irc_identity_id` int(11) default NULL,
  PRIMARY KEY  (`id`),
  KEY `nick_FI_1` (`irc_identity_id`)
) ENGINE=InnoDB DEFAULT CHARSET=latin1 AUTO_INCREMENT=1842 ;

-- 
-- Dumping data for table `nick`
-- 

INSERT INTO `nick` (`id`, `nick`, `irc_identity_id`) VALUES (1, 'AgaviBot', 1),
(2, 'kaos', 2),
(3, 'luke`_', 3),
(4, 'GMFlash', 4),
(5, 'MrJeep_', 5),
(6, 'impl', 6),
(7, 'RossC0', 7),
(8, 'Wombert', 8),
(9, 'eremit', 9),
(10, 'horros', 10),
(11, 'ttj', 11),
(12, 'splatch', 12),
(13, 'CIA-20', 13),
(14, 'um', 14),
(15, 'v-dogg', 15),
(16, 'DeepY0X', 17),
(17, 'cablesm102', 18),
(18, 'Takashi', 19),
(19, 'exs', 20),
(20, 'Pichu0102', 21),
(21, 'sgithens', 22),
(22, '_goofy_', 23),
(23, '_rd_', 24),
(24, 'shish02', 25),
(25, 'luzariba', 26),
(26, 'totall_6_7', 27),
(27, 'QwertyM', 28),
(28, 'kenthomson', 29),
(29, 'jriffle', 30),
(30, 'malvo', 31),
(31, 'ngantukan', 32),
(32, 'cstudent', 33),
(33, 'cstrippie', 34),
(34, 'Bhaal', 35),
(35, 'shmeelAway', 36),
(36, 'FallenHitokiri', 37),
(37, 'seravitae', 38),
(38, 'Galdunn', NULL),
(39, 'jimbo', 39),
(40, 'mpan', 40),
(41, 'tHeDuDe', 41),
(42, 'marshall', 42),
(43, 'idaho45', 43),
(44, 'Cin', 44),
(45, 'Siixxa', 45),
(46, 'asmodeos', 46),
(47, 'Mixx`', 47),
(48, 'b_52GM', 48),
(49, 'transgress', 49),
(50, 'xjjk', 50),
(51, 'Inuyasharenegade', 51),
(52, 'sponix', 52),
(53, 'SiCuTDeUx', 53),
(54, 'davidjohnston', 54),
(55, 'bwlang', 55),
(56, 'Shadowpillar_', 56),
(57, 'r0bin', 57),
(58, 'n00b_', 58),
(59, 'xanthomryr', 59),
(60, 'elgatoperezoso', 60),
(61, 'Steve_Laptop', 61),
(62, 'intrico', 62),
(63, 'Anti-Tedd', 63),
(64, 'nerd_inside', 64),
(65, 'ivanhoe', 65),
(66, 'mikejanssen', 66),
(67, 'concept10', 67),
(68, 'Tomcat_`', 68),
(69, 'vordul', 69),
(70, 'billytwowilly', 70),
(71, 'nfp|kelnoky', 71),
(72, 'DarthLappy', 72),
(73, 'IdleOne', 73),
(74, 'DjCyreb', 74),
(75, 'foufou', 75),
(76, 'brownedwg89', 76),
(77, 'Enverex', 77),
(78, 'ShiftyShifty', 78),
(79, 'chance1101', 79),
(80, 'NETWiz', 80),
(81, 'GigaClon', 81),
(82, 'gardar[away]', 82),
(83, 'ktogias', 83),
(84, 'Terminus', 84),
(85, 'dbart', 85),
(86, 'neostyle', 86),
(87, 'starz', 87),
(88, 'jordan', 88),
(89, 'tvgm2', 89),
(90, 'jordo23', 90),
(91, 'martin91', 91),
(92, 'kporter', 92),
(93, 'Maximbo', 93),
(94, 'Whity-', 94),
(95, 'manuhack', 95),
(96, 'KorN[CM]', 96),
(97, 'felixhummel', 97),
(98, 'graft', 98),
(99, 'pe3r', 99),
(100, 'inono', 100),
(101, 'noobie0057', 101),
(102, 'Frostypants', 102),
(103, 'turkey', 103),
(104, 'joh', 104),
(105, 'Oompa', 105),
(106, 'nayo', 106),
(107, 'aBiNg', 107),
(108, 'bhagabhi', 108),
(109, 'clyrrad', 109),
(110, 'klos_', 110),
(111, 'deg0nz__', 111),
(112, 'gnomefreak', 112),
(113, 'cpk1', 113),
(114, 'pdxkid', 114),
(115, 'TooR4u', 115),
(116, 'iblicf', 116),
(117, 'Carpe', 117),
(118, 'jlewis', 118),
(119, 'r0bby', 119),
(120, 'dangan', 120),
(121, 'master_o1_master', 121),
(122, 'Bhaskar', 122),
(123, 'Telroth', 123),
(124, 'kazuka', 124),
(125, 'XNIT-01', 125),
(126, 'rafailow', 126),
(127, 'carlhako', 127),
(128, 'user01', 128),
(129, 'Trevinho', 129),
(130, 'Kyral', 130),
(131, 'kyja', 131),
(132, 'xtknight', 132),
(133, 'ck3k', 133),
(134, 'jroes_', 134),
(135, 'Thug-N-Me', 135),
(136, 'shifty', 136),
(137, 'GaldunnLAPTOP', 137),
(138, 'darkmatter', 138),
(139, 'deep', 139),
(140, 'Fjodor', 140),
(141, 'nalioth', 141),
(142, 'mocoloco', 142),
(143, 'Eldrani_Nyeph___', 143),
(144, 'cokeslut', 144),
(145, 'vlt', 145),
(146, 'siucdude', 146),
(147, 'Bassguy', 147),
(148, 'visik7', 148),
(149, 'volcom', 149),
(150, 'fox9', 150),
(151, 'n2diy', 151),
(152, 'th1__', 152),
(153, 'bismark', 153),
(154, 'CanadianMan__', 154),
(155, 'kairu0', 155),
(156, 'cyphase_', 156),
(157, 'Condiment', 157),
(158, 'EbilPhish', 158),
(159, '^YHN7ujm8', 159),
(160, 'Bipolar', 160),
(161, 'Risky-wow', 161),
(162, 'slyfox', 162),
(163, 'wt8008', 163),
(164, 'rexbron', 164),
(165, 'nolimitsoya', 165),
(166, 'jaebird', 166),
(167, 'ljlolel', 167),
(168, 'flashnet', 168),
(169, 'Jedrick', 169),
(170, 'prxq_', 170),
(171, 'rpedro', 171),
(172, 'rossco', 172),
(173, 'MistaED2', 173),
(174, 'modisch', 174),
(175, 'phos-phoros', 175),
(176, 'kaptengu', 176),
(177, 'juano__', 177),
(178, 'kelsin', 178),
(179, 'DigitalNinja', 179),
(180, 'swami', 180),
(181, 'sparr', 181),
(182, 'hagabaka', 182),
(183, 'rem__', 183),
(184, 'Hobbsee', 184),
(185, 'turbolover', 185),
(186, 'IcemanCZ', 186),
(187, 'nicocin', 187),
(188, 'Hawk||-', 188),
(189, 'echosystm', 189),
(190, 'holycow', 190),
(191, 'metusine', 191),
(192, 'Lahey', 192),
(193, 'IntuitiveNipple', 193),
(194, 'old-monk', 194),
(195, 'zenwhen-lt', 195),
(196, 'juancgt', 196),
(197, 'asanchez', 197),
(198, 'jatt', 198),
(199, 'Fanskapet', 199),
(200, 'Galga', 200),
(201, 'datachild', 201),
(202, 'cinnix', 202),
(203, 'TigerCR1200', 203),
(204, 'sivik', 204),
(205, 'simpleton', 205),
(206, 'aent', 206),
(207, 'nomasteryoda', 207),
(208, 'appelza', 208),
(209, 'gleesond', 209),
(210, 'clem', 210),
(211, 'jisatsu_', 211),
(212, 'mgorbach228', 212),
(213, 'zOap', 213),
(214, 'arke', 214),
(215, 'mr_lampe', 215),
(216, 'deitarion', 216),
(217, 'resistance', 217),
(218, 'slvmchn', 218),
(219, 'varsendaggr', 219),
(220, 'mathrick', 220),
(221, 'varun', 221),
(222, 'Apollo', 222),
(223, 'guerby', 223),
(224, 'caplink811_log', 224),
(225, 'kotatsu', 225),
(226, 'Exposure', 226),
(227, 'brianski', 227),
(228, '_magez_', 228),
(229, 'Fusheh', 229),
(230, 'AJ_Z0', 230),
(231, 'jenda', 231),
(232, 'saxin', 232),
(233, 'mralphabet', 233),
(234, 'Kanafani', 234),
(235, 'blanky', 235),
(236, 'tat', 236),
(237, 'maddler', 237),
(238, 'torrrrrrrrrr', 238),
(239, 'skarface', 239),
(240, 'jrtz_', 240),
(241, '_PacketScan', 241),
(242, 'macd', 242),
(243, 'jedilj', 243),
(244, 'russsss', 244),
(245, 'SilenceGold', 245),
(246, 'toM|vendettA', 246),
(247, 'poningru', 247),
(248, 'tuna-fish-', 248),
(249, 'levander', 249),
(250, 'ipo', 250),
(251, 'Howdy125', 251),
(252, 'FantasticFoo', 252),
(253, 'matid', 253),
(254, 'QMario', 254),
(255, '_ChaKy_', 255),
(256, 'drv', 256),
(257, 'Intangir', 257),
(258, 'Spec[x]', 258),
(259, 'TrickyR', 259),
(260, 'Cimmerian', 260),
(261, 'Mogz', 261),
(262, 'DreamThief', 262),
(263, 'mysticness', 263),
(264, '^jd', 264),
(265, 'ademan', 265),
(266, 'Bantroth', 266),
(267, 'czedlitz', 267),
(268, 'Fergy', 268),
(269, 'wdh', 269),
(270, 'trappist', 270),
(271, 'SmrtJustin', 271),
(272, 'Arigato', 272),
(273, 'q01z_', 273),
(274, 'luckyone', 274),
(275, 'Guest7837', 275),
(276, 'relachs111118', 276),
(277, 'zylche', 277),
(278, 'Hit3k', 278),
(279, 'nofxx', 279),
(280, 'lardarse', 280),
(281, 'crisp', 281),
(282, 'beef', 282),
(283, 'draky', 283),
(284, 'madness', 284),
(285, 'janey', 285),
(286, 'Trifase', 286),
(287, 'nitestar1', 287),
(288, 'ihatemilk', 288),
(289, '_bt', 289),
(290, 'Killer_', 290),
(291, 'up365', 291),
(292, 'hexidigital', 292),
(293, '^Aftermath^', 293),
(294, 'theBishop', 294),
(295, 'Khisanth', 295),
(296, 'AccessExcess', 296),
(297, 'Pensacola', 297),
(298, 'Mythbusters', 298),
(299, 'secleinteer', 299),
(300, 'veggieVamp', 300),
(301, 'johnn', 301),
(302, 'sorl', 302),
(303, 'mythos__', 303),
(304, 'Li`lEndian', 304),
(305, 'ead', 305),
(306, 'PORDO', 306),
(307, 'ckebabo', 307),
(308, 'axisys', 308),
(309, 'lissom', 309),
(310, 'pwuertz_', 310),
(311, 'munroe_', 311),
(312, 'Jj_', 312),
(313, 'apokryphos', 313),
(314, 'high-freq', 314),
(315, 'zooted_', 315),
(316, 'kmu', 316),
(317, 'daveyates', 317),
(318, 'sc0tt_', 318),
(319, 'Psychobudgie', 319),
(320, 'pppoe_dude', 320),
(321, 'fluxi', 321),
(322, 'Faithful', 322),
(323, 'androxxl', 323),
(324, 'rc-1', 324),
(325, 'yellow', 325),
(326, 'incorrect', 326),
(327, 'eXistenZ', 327),
(328, 'Merijn', 328),
(329, 'stef', 329),
(330, 'mneptok', 330),
(331, 'brianMan', 331),
(332, 'chrisnias', 332),
(333, 'Xorlev', 333),
(334, 'HeathenDan', 334),
(335, 'hybrid', 335),
(336, 'camer0ff', 336),
(337, 'winXperts', 337),
(338, 'Spee_Der', 338),
(339, 'alnokta', 339),
(340, 'blueCmd', 340),
(341, 'whaley', 341),
(342, 'DBFT', 342),
(343, 'lukaswayne9', 343),
(344, 'MaQui', 344),
(345, 'NDPowerBook', 345),
(346, 'cga', 346),
(347, 'elate', 347),
(348, 'cout', 348),
(349, 'valberg', 349),
(350, 'rob', 350),
(351, 'xtr-II', 351),
(352, 'fabbione', 352),
(353, 'c1|freaky', 353),
(354, 'Oetzi', 354),
(355, 'kraut', 355),
(356, 'doofy2', 356),
(357, 'Pyromancer', 357),
(358, 'RedKrieg', 358),
(359, 'khoa', 359),
(360, 'bigfuzzyjesus', 360),
(361, 'bef', 361),
(362, 'MrBrizzio', 362),
(363, 'zerdith', 363),
(364, 'NevroPus', 364),
(365, 'PsychoBud', 365),
(366, 'triplah', 366),
(367, 'xopher', 367),
(368, 'ctothej', 368),
(369, 'p|m', 369),
(370, 'Mez', 370),
(371, 'sjoerd', 371),
(372, 'martii', 372),
(373, 'sampan', 373),
(374, 'pike_', 374),
(375, 'n0u', 375),
(376, 'chalcedony', 376),
(377, 'gangien__', 377),
(378, 'firephoto', 378),
(379, 'quux', 379),
(380, 'tmdca', 380),
(381, 'TobiF', 381),
(382, 'lupine_85', 382),
(383, 'cmt^^', 383),
(384, 'bobd', 384),
(385, 'MrSir|AA|', 385),
(386, 'cmeme', 386),
(387, 'archangelpetro', 387),
(388, 'isofunk', 388),
(389, 'jannu1', 389),
(390, '_Er1K_', 390),
(391, 'Android', 391),
(392, 'birdmon', 392),
(393, 'Heartsbane', 393),
(394, 'hyphenated', 394),
(395, 'hyphnated', 395),
(396, 'elkbuntu', 396),
(397, 'manny_', 397),
(398, 'cafuego_', 398),
(399, 'tyrion', 399),
(400, 'Phaid', 400),
(401, 'Slart', 401),
(402, 'svu', 402),
(403, 'eternalswd', 403),
(404, 'tombs', 404),
(405, 'Setomidor', 405),
(406, 'gu014', 406),
(407, 'jkw', 407),
(408, 'Goliath23', 408),
(409, 'pvanhoof', 409),
(410, 'nothlit', 410),
(411, 'brynk_', 411),
(412, 'Magilla', 412),
(413, 'Lacerta', 413),
(414, 'seventypercent', 414),
(415, 'BHSPitMonkey', 424),
(416, 'net', 425),
(417, 'pluma_', 426),
(418, 'pickett_', 427),
(419, 'Oni-Dracula', 428),
(420, 'JaeSharp', 429),
(421, 'cyzie', 430),
(422, 'croppa', 431),
(423, 'dAndy_', 432),
(424, 'D7k', 433),
(425, '[SilverFox]', 434),
(426, 'brush01uk', 435),
(427, 'Rydekull', 436),
(428, 'mathieu', 437),
(429, 'Flannel', 438),
(430, 'Quintin', 439),
(431, 'kyncani', 440),
(432, 'someothernick', 441),
(433, 'subzero2000', 442),
(434, 'phrizer', 443),
(435, 'Music_Shuffle', 444),
(436, 'artbird309', 445),
(437, 'eltech', 446),
(438, 'Elko_', 447),
(439, 'Nogimics', 448),
(440, 'binarydigit', 449),
(441, 'khaladan', 450),
(442, 'Ash-Fox', 451),
(443, 'Stormx2', 452),
(444, 'rauble', 453),
(445, 'Discipulus', 454),
(446, 'flodine', 455),
(447, 'sig', 456),
(448, 'LycanNYC-work', 457),
(449, 'digilink', 458),
(450, 'shedi', 459),
(451, 'whazilla', 460),
(452, 'Amaranth', 461),
(453, 'Crescendo', 462),
(454, 'Atomiku', 463),
(455, 'FaithX', 464),
(456, 'PhilKC', 465),
(457, 'Turgon', 466),
(458, 'ryanakca', 467),
(459, 'cableroy', 468),
(460, 'raboof', 469),
(461, 'inimesekene', 470),
(462, 'Khem', 471),
(463, 'Gerrath', 472),
(464, 'dromer', 473),
(465, 'izte', 474),
(466, 'PlanarPlatypus', 475),
(467, 'superlou', 476),
(468, 'rage_', 477),
(469, 'JDStone', 478),
(470, 'altf2o', 479),
(471, 'yacc', 480),
(472, 'grayscale', 481),
(473, 'tonyyserver', 482),
(474, 'tonyyarusso', 483),
(475, 'eobanb', 484),
(476, 'besonen2____', 485),
(477, 'draconius', 486),
(478, 'karad', 487),
(479, 'stephans', 488),
(480, 'RadicalDreamer', 489),
(481, 'ekv', 490),
(482, 'bettyboop1975', 491),
(483, 'i3d', 492),
(484, 'Slackwise', 493),
(485, 'DavidHKMrPowers', 494),
(486, 'mabus', 495),
(487, 'Jowi', 496),
(488, 'lbm', 497),
(489, 'SurfnKid', 498),
(490, 'FredricR', 499),
(491, '[L30N]', 500),
(492, 'Xenguy', 501),
(493, 'variant', 502),
(494, 'kabtoffe_', 503),
(495, 'Atomix', 504),
(496, 'zorro', 505),
(497, 'J-_', 506),
(498, 'Nuscly', 507),
(499, '__max_', 508),
(500, 'Filbert', 509),
(501, 'AlienX', 510),
(502, 'FunnyLookinHat', 511),
(503, 'IVBela', 512),
(504, 'Ecnassianer', 513),
(505, 'Ecnassianer_', 514),
(506, 'SportChick', 515),
(507, 'poncho1', 516),
(508, 'ubotu', 517),
(509, 'Ubugtu', 518),
(510, 'Ppjet6', 519),
(511, 'Crusher', 520),
(512, 'jmworx_', 521),
(513, 'Crescendo_', 522),
(514, 'dougsko', 523),
(515, 'dooglus', 524),
(516, 'con-man', 525),
(517, 'predius', 526),
(518, 'mcphail', 527),
(519, 'mat', 528),
(520, 'Agaliarept', 529),
(521, 'apecat', 530),
(522, 'Solarion', 531),
(523, 'Nakkel', 532),
(524, 'xFlux', 533),
(525, 'truthfatal', 534),
(526, 'SiliconViper', 535),
(527, 'NeedHelp', 536),
(528, 'Pooky', 537),
(529, 'bugihugi', 538),
(530, 'hq4ever', 539),
(531, 'dllh', 540),
(532, 'redguy', 541),
(533, 'NghtLght_', 542),
(534, 'bronze_0_1', 543),
(535, 'rage', 544),
(536, 'tumbleweed', 545),
(537, 'jonathaN', 546),
(538, 'chesty', 547),
(539, 'Miro_Offline', 548),
(540, 'ben42', 549),
(541, 'Exposure`', 550),
(542, 'ggoogi', 551),
(543, 'starkruzr', 552),
(544, 'joevandyk', 553),
(545, 'cb__', 554),
(546, 'talisein', 555),
(547, 'mykilx', 556),
(548, 'PwcrLinux', 557),
(549, 'phogg', 558),
(550, 'AbeLincoln', 559),
(551, 'Hanna', 560),
(552, 'izaac', 561),
(553, 'adamonline45', 562),
(554, 'dizzie', 563),
(555, 'BasL', 564),
(556, 'gunne', 565),
(557, 'enabl', 566),
(558, 'Jonbo_', 567),
(559, 'maxkelley', 568),
(560, 'piglit_', 569),
(561, 'iNiku', 570),
(562, 'aloril', 571),
(563, 'LonerVamp', 572),
(564, 'zonum', 573),
(565, 'bun-bun', 574),
(566, 'IRCArch', 575),
(567, 'narg_', 576),
(568, 'Spinnaker', 577),
(569, 'qsloqs', 578),
(570, 'bugz_', 579),
(571, 'Trifith', 580),
(572, 'quad3d', 581),
(573, 'rellik', 582),
(574, 'Seveas', 583),
(575, 'autoklauen', 584),
(576, 'kent', 585),
(577, 'alenax', 586),
(578, 'XiXaQ', 587),
(579, 'perplexity', 588),
(580, 'SeanTater', 589),
(581, 'memic', 590),
(582, 'kabtoffe', 591),
(583, 'mesha', 592),
(584, 'ph8', 593),
(585, 'burzum', 594),
(586, 'ZeZu', 595),
(587, 'dsphere', 596),
(588, 'mako', 597),
(589, '_TomB', 598),
(590, 'aoupi', 599),
(591, 'pucko-', 600),
(592, 'ubuntulog', 601),
(593, 'xf', 602),
(594, 'saispo', 603),
(595, 'heanol', 604),
(596, 'TedKord', 605),
(597, 'alindeman', 606),
(598, '^betul^', 607),
(599, 'aceZ', 608),
(600, 'ToonArmy', 609),
(601, 'shack_', 610),
(602, 'Micksa', 611),
(603, 'z0rz', 612),
(604, 'crocd', 613),
(605, 'bulmer', 614),
(606, 'Adlai', 615),
(607, 'shadebug', 616),
(608, 'SzArAk', 617),
(609, 'Tonus', 618),
(610, 'mjr', 619),
(611, 'joejaxx', 620),
(612, 'oldmanstan', 621),
(613, 'eryc', 622),
(614, 'dsewnr', 623),
(615, 'tapas', 624),
(616, 'Bac9', 625),
(617, 'jolts', 626),
(618, 'Xappe', 627),
(619, 'linuxboy', 628),
(620, 'PWill', 629),
(621, 'GutterPunk', 630),
(622, 'beasty', 631),
(623, 'vlc', 632),
(624, 'Wiseguy', 633),
(625, 'Subhuman', 634),
(626, 'MaxTPayne', 635),
(627, 'quad3datwork', 636),
(628, 'pschulz01', 637),
(629, 'jk', 638),
(630, 'tsmithe-server', 639),
(631, 'robert_', 640),
(632, 'tomsku', 641),
(633, 'caci', 642),
(634, 'defend', 643),
(635, 'XTR-III', 644),
(636, 'camos_', 645),
(637, 'fusspils_', 646),
(638, 'tijn', 647),
(639, 'vega-', 648),
(640, 'ecgw', 649),
(641, 'mumbles', 650),
(642, 'demreath', 651),
(643, 'spacey', 652),
(644, 'danilos', 653),
(645, 'dupoll', 654),
(646, 'thedavid', 655),
(647, 'maverick`-', 656),
(648, 'FirstStrike', 657),
(649, 'lightstar', 658),
(650, 'carpediem', 659),
(651, 'fearphage', 660),
(652, 'Versed`', 661),
(653, 'stickyicky', 662),
(654, 'robertj__', 663),
(655, 'bronze', 664),
(656, 'charles_', 665),
(657, 'aSt3raL', 666),
(658, 'Trixsey', 667),
(659, 'vittorio', 668),
(660, 'mteter_', 669),
(661, 'moonlite', 670),
(662, 'der0b', 671),
(663, 'rm_you|atwork', 672),
(664, 'KenSentMe', 673),
(665, 'fdoving', 674),
(666, 'mikl', 675),
(667, 'nsirota', 676),
(668, 'slicslak', 677),
(669, 'hollywoodstar', 678),
(670, 'yock', 679),
(671, 'wenko[SSH]', 680),
(672, 'padlefot', 681),
(673, 'gdb', 682),
(674, 'nawty', 683),
(675, 'CNU', 684),
(676, 'johns^', 685),
(677, 'vitriol', 686),
(678, 'MegaQuark_', 687),
(679, 'tritium', 688),
(680, 'blithe', 689),
(681, 'stylus_', 690),
(682, 'shredder', 691),
(683, 'bezibaerchen', 692),
(684, 'eno', 693),
(685, 'Sugar^', 694),
(686, 'traveller', 695),
(687, 'Luke', 696),
(688, 'brum_', 697),
(689, 'chalcedny', 698),
(690, 'spike723_', 699),
(691, 'elljay', 700),
(692, 'Vaxu', 701),
(693, 'xerophyte', 702),
(694, 'MeGaQuArK', 703),
(695, 'crass', 704),
(696, 'Harksaw', 705),
(697, 'denver', 706),
(698, 'Etapien', 707),
(699, 'BrianG', 708),
(700, 'kditty', 709),
(701, 'roland-erau', 710),
(702, 'r3set', 711),
(703, 'TokenGoth', 712),
(704, 'g333k_work', 713),
(705, 'J4t', 714),
(706, 'bXi', 715),
(707, 'renatofilho', 716),
(708, 'tsw', 717),
(709, 'tag', 718),
(710, 'lnostdal', 719),
(711, 'tim__b', 720),
(712, 'Dell-Net', 721),
(713, 'rellis', 722),
(714, 'melter', 723),
(715, 'mat|work', 724),
(716, 'wolki', 725),
(717, 'avlis', 726),
(718, 'brussel', 727),
(719, 'Dink', 728),
(720, 'xzu', 729),
(721, 'Zopf`afk', 730),
(722, 'sladen', 731),
(723, 'Riddell', 732),
(724, 'jeffery', 733),
(725, 'verbose', 734),
(726, 'fatlip', 735),
(727, 'Zambezi', 736),
(728, 'nacer', 737),
(729, 'Insecta', 738),
(730, 'lgespee_', 739),
(731, 'Odd_Bloke', 740),
(732, 'Paavo', 741),
(733, 'nomego', 742),
(734, 'zeembo', 743),
(735, 'coreyt', 744),
(736, 'Jettis', 745),
(737, 'iter', 746),
(738, 'Killeroid', 747),
(739, 'mfmf', 748),
(740, 'cratel', 749),
(741, 'eracc', 750),
(742, 'SpacePuppy', 751),
(743, 'Jeruvy', 752),
(744, 'cavediver', 753),
(745, 'bjorn-', 754),
(746, 'DGJ_', 755),
(747, 'runge', 756),
(748, 'diskus', 757),
(749, 'eliphas__', 758),
(750, 'spoop', 759),
(751, 'numist', 760),
(752, 'ozzloy', 761),
(753, 'Kesman', 762),
(754, 'ys76', 763),
(755, 'cemil', 764),
(756, 'carld', 765),
(757, 'Binja', 766),
(758, 'BlueEagle', 767),
(759, 'Kingsqueak', 768),
(760, 'duckdown', 769),
(761, 'Znarl', 770),
(762, 'siennalizard', 771),
(763, '_Tristan', 772),
(764, 'aib', 773),
(765, 'WildZeck', 774),
(766, 'tommason', 775),
(767, 'jhaig', 776),
(768, 'kandinski', 777),
(769, 'dseazrca', 778),
(770, 'drkm', 779),
(771, '[a]freebsd_fan', 780),
(772, 'salah', 781),
(773, 'hotlug', 782),
(774, 'salah_', 783),
(775, 'cerebri', 784),
(776, 'Whatsisname', 785),
(777, 'anders_home', 786),
(778, 'trygve-u', 787),
(779, 'lucasvo', 788),
(780, 'lillpelle', 789),
(781, 'thansen', 790),
(782, 'GN_James', 791),
(783, 'sharms', 792),
(784, 'ganadist', 793),
(785, 'dieman', 794),
(786, 'er4z0r', 795),
(787, 'jair', 796),
(788, 'litheum', 797),
(789, 'Weiss', 798),
(790, 'n0cturnal_', 799),
(791, 'inzion', 800),
(792, 'cafuego', 801),
(793, 'Rumpa', 802),
(794, 'Wanderer', 803),
(795, 'Nikolas', 804),
(796, 'elrob', 805),
(797, 'kbrosnan', 806),
(798, 'atoponce', 807),
(799, 'moquist', 808),
(800, 'rvalles', 809),
(801, 'd-s-d', 810),
(802, 'Phoenix321', 811),
(803, 'fildo', 812),
(804, 'flk', 813),
(805, 'maswan', 814),
(806, 'eliphas_', 815),
(807, '[H5N1]', 816),
(808, 'orion2012', 817),
(809, 'dron', 818),
(810, 'atrus', 819),
(811, 'js_', 820),
(812, 'samiam', 821),
(813, 'Nameeater', 822),
(814, 'oidia', 823),
(815, 'denki', 824),
(816, 'kal0', 825),
(817, 'hawk', 826),
(818, 'snail', 827),
(819, 'xyr', 828),
(820, 'bja', 829),
(821, 'GTX', 830),
(822, 'G0SUB', 831),
(823, 'smurf', 832),
(824, 'enyc', 833),
(825, 'eteran', 834),
(826, 'dev', 835),
(827, '|Lucky|', 836),
(828, 'prg3', 837),
(829, 'tdn', 838),
(830, 'enfo', 839),
(831, 'dort', 840),
(832, 'Chousuke', 841),
(833, 'RemoteViewer', 842),
(834, '[PUPPETS]Gonzo', 843),
(835, 'AfterDeath|idle', 844),
(836, 'neuro_', 845),
(837, 'ronaldo', 846),
(838, 'v0x', 847),
(839, 's7n', 848),
(840, 'felipe', 849),
(841, '^NaTacHa^', 850),
(842, 'LoRez', 851),
(843, 'kritical', 852),
(844, 'creyon', 853),
(845, 'Juhaz', 854),
(846, 'ExM3th1x', 855),
(847, 'Lorvija', 856),
(848, 'Kapsel_', 857),
(849, 'jpjacobs', 858),
(850, 'soop_', 859),
(851, 'deoryp', 860),
(852, 'localghost', 861),
(853, 'aixing', 862),
(854, 'AcidicTadpole', 863),
(855, 'crimsun', 864),
(856, 'kakakoka', 865),
(857, 'Bjoern-Erik', NULL),
(858, 'hotti', NULL),
(859, 'dv5237', NULL),
(860, 'Ferret', NULL),
(861, 'susscorfa', NULL),
(862, 'freebsdfreak', NULL),
(863, 'Trae', NULL),
(864, 'erie', NULL),
(865, 'bibleboy', NULL),
(866, 'disasm', NULL),
(867, 'nym', NULL),
(868, 'NigelS', NULL),
(869, 'lawine', NULL),
(870, 'rdz', NULL),
(871, 'matti', NULL),
(872, 'polttaja', NULL),
(873, 'lnx^', NULL),
(874, 'asw', NULL),
(875, 'EvilGrin', NULL),
(876, 'arkx', NULL),
(877, 'Lynoure', NULL),
(878, 'bionoid', NULL),
(879, 'Agrajag', NULL),
(880, 'olds', NULL),
(881, 'KDan', NULL),
(882, 'PHoeNiGoRe', NULL),
(883, 'SpAwN', NULL),
(884, 'dr0ne', NULL),
(885, 'sparkleytone', NULL),
(886, 'ccooke_', NULL),
(887, 'Hirvinen', NULL),
(888, 'lanxu', NULL),
(889, 'martibs', NULL),
(890, 'osfameron', NULL),
(891, 'zenit', NULL),
(892, 'Jurgeni', NULL),
(893, 'sod75', NULL),
(894, 'chii', NULL),
(895, 'bh', NULL),
(896, 'k13', NULL),
(897, 'meff', NULL),
(898, 'Pons', NULL),
(899, 'parsonsd', NULL),
(900, 'Cholito', NULL),
(901, 'mofturos', NULL),
(902, 'subir', NULL),
(903, 'pokharel', NULL),
(904, 'grendal_prime', NULL),
(905, 'kronic', NULL),
(906, 'Joachim_', NULL),
(907, 'Math^', NULL),
(908, 'b0xt', NULL),
(909, 'brad_', NULL),
(910, 'bathat', NULL),
(911, 'Mulder_', NULL),
(912, 'curt__', NULL),
(913, 'valdyn', NULL),
(914, 'oKtosiTe', NULL),
(915, 'njkt', NULL),
(916, 'DemonJester', NULL),
(917, 'teledyn_', NULL),
(918, 'lseifert', NULL),
(919, 'ulf_k___', NULL),
(920, 'Grub_Now', NULL),
(921, 'MoDaXaS', NULL),
(922, 'omry_', NULL),
(923, 'Red_Cloud', NULL),
(924, 'sipingal', NULL),
(925, 'obnauticus', NULL),
(926, 'orient2000', NULL),
(927, 'Azar', NULL),
(928, 'chris_goe', NULL),
(929, 'duncf', NULL),
(930, 'eleftherios', NULL),
(931, 'LLcoolM', NULL),
(932, 'PingFloyd', NULL),
(933, '|dennis|', NULL),
(934, 'muhoo', NULL),
(935, 'tolecnal', NULL),
(936, 'paddor', NULL),
(937, 'SubStack', NULL),
(938, 'stoned', NULL),
(939, 'sc13nc3', NULL),
(940, 'hellop', NULL),
(941, 'X600', NULL),
(942, 'dotCOMmie', NULL),
(943, 'thejapa', NULL),
(944, 'rfrank', NULL),
(945, 'peterS', NULL),
(946, 'Agrajag-', NULL),
(947, 'KiWo', NULL),
(948, 'chowmeined', NULL),
(949, 'P_Kable', NULL),
(950, 'raf256', NULL),
(951, 'Dr_zwaffelen', NULL),
(952, 'jello', NULL),
(953, 'b00t', NULL),
(954, 'blackelf_', NULL),
(955, 'Irrumator', NULL),
(956, 'xingu_', NULL),
(957, 'slept', NULL),
(958, 'Firestarter-', NULL),
(959, 'niles', NULL),
(960, 'unseensoul', NULL),
(961, 'dansushi', NULL),
(962, 'frenchninja', NULL),
(963, 'ghgsdajfgfas', NULL),
(964, 'Thms', NULL),
(965, 'unix_infidel', NULL),
(966, 'marco_', NULL),
(967, 'Sypher', NULL),
(968, 'karrotx', NULL),
(969, 'dvst', NULL),
(970, 'bucky', NULL),
(971, 'Dark_Apostrophe', NULL),
(972, 'm`m`h', NULL),
(973, 'the1_ts', NULL),
(974, 'madd_matt', NULL),
(975, 'ramanujan', NULL),
(976, 'einval', NULL),
(977, 'sabbat', NULL),
(978, 'sphenxes', NULL),
(979, 'annoia', NULL),
(980, 'port7', NULL),
(981, 'comfrey', NULL),
(982, 'YaleR', NULL),
(983, 'fireba11_grr', NULL),
(984, 'DimmuR', NULL),
(985, 'prock_', NULL),
(986, 'janttsu', NULL),
(987, 'yeager', NULL),
(988, 'nickm_', NULL),
(989, 'jonas3', NULL),
(990, 'Mazingaro', NULL),
(991, 'eisen_', NULL),
(992, 'anibal', NULL),
(993, 'Hoxzer', NULL),
(994, 'Miesco_', NULL),
(995, 'psyco-obiwan', NULL),
(996, 'Aubustou_', NULL),
(997, 'pipeline', NULL),
(998, 'yogurt2ungue', NULL),
(999, 'dexemna', NULL),
(1000, 'poti', NULL),
(1001, 'badbugs', NULL),
(1002, 'streuner', NULL),
(1003, 'fredforfaen', NULL),
(1004, 'Jeevan', NULL),
(1005, 'mdo_', NULL),
(1006, 'RobHu', NULL),
(1007, 'corp-mule', NULL),
(1008, 'bbelt16ag', NULL),
(1009, 'zinx', NULL),
(1010, 'JohnDoh', NULL),
(1011, 'sxpert', NULL),
(1012, 'Chty', NULL),
(1013, 'EdwardElric', NULL),
(1014, 'Paul-Way', NULL),
(1015, 'keytoaster', NULL),
(1016, 'crew', NULL),
(1017, 'Ryushin', NULL),
(1018, 'behanw', NULL),
(1019, 'bier_', NULL),
(1020, 'traxx', NULL),
(1021, 'lunaphyte', NULL),
(1022, 'Braintix', NULL),
(1023, 'Malagmyr', NULL),
(1024, 'curt', NULL),
(1025, 'dpkg', NULL),
(1026, 'matt_o', NULL),
(1027, 'sep', NULL),
(1028, 'PDani', NULL),
(1029, 'Celelibi', NULL),
(1030, 'jin', NULL),
(1031, 'eye69', NULL),
(1032, 'ElectricElf', NULL),
(1033, 'vorsprung', NULL),
(1034, 'SpeS', NULL),
(1035, 'JarJarBinks', NULL),
(1036, 'Roey', NULL),
(1037, 'apfel', NULL),
(1038, 'slipstream--', NULL),
(1039, 'ekix', NULL),
(1040, 'OpenStandards', NULL),
(1041, 'dererk', NULL),
(1042, 'wladek', NULL),
(1043, 'Zeit|awy', NULL),
(1044, 'setog3', NULL),
(1045, 'damosu', NULL),
(1046, 'xpurple', NULL),
(1047, 'sharky__', NULL),
(1048, 'netdrake_', NULL),
(1049, 'Supaplex', NULL),
(1050, 'Althaser', NULL),
(1051, 'JJ|Laptop', NULL),
(1052, 'diesel-fn', NULL),
(1053, 'ofer0', NULL),
(1054, 'pstickne', NULL),
(1055, 'woodgrain', NULL),
(1056, 'robin_sz', NULL),
(1057, 'psychonate', NULL),
(1058, 'daedalus_', NULL),
(1059, 'Hunnur_', NULL),
(1060, 'tictac', NULL),
(1061, 'crono-', NULL),
(1062, 'Edward_TLS', NULL),
(1063, 'benje', NULL),
(1064, 'twobitsp2ite', NULL),
(1065, 'liable', NULL),
(1066, 'alltell', NULL),
(1067, 'Wyzard', NULL),
(1068, 'CHodapp_', NULL),
(1069, 'PupenoR', NULL),
(1070, 'SHS`', NULL),
(1071, 'jrbobdobbs', NULL),
(1072, 'infernix', NULL),
(1073, 'disputin', NULL),
(1074, 'gungnir', NULL),
(1075, 'pseubodot', NULL),
(1076, 'killfill', NULL),
(1077, 'ChompWzrd', NULL),
(1078, 'apt', NULL),
(1079, 'skala', NULL),
(1080, 'PerfDave', NULL),
(1081, 'lftl', NULL),
(1082, 'alana', NULL),
(1083, 'hark', NULL),
(1084, 'mike-e_', NULL),
(1085, 'AciD', NULL),
(1086, 'deadcat', NULL),
(1087, 'HardDisk_WP', NULL),
(1088, 'litage', NULL),
(1089, 'yvhaarle', NULL),
(1090, 'SJr|Work', NULL),
(1091, 'neekofab', NULL),
(1092, 'zophy', NULL),
(1093, 'SlackDeb', NULL),
(1094, 'sva`|Out', NULL),
(1095, 'WorkRoey', NULL),
(1096, 'silent', NULL),
(1097, 'netman1', NULL),
(1098, 'MaliutaWrk', NULL),
(1099, 'nemo', NULL),
(1100, 'schme`', NULL),
(1101, 'rox', NULL),
(1102, 'mrwill', NULL),
(1103, 'evilbulgarian', NULL),
(1104, 'tonyb2006', NULL),
(1105, 'Winkie_', NULL),
(1106, 'ekkikrist', NULL),
(1107, 'davi', NULL),
(1108, 'ole', NULL),
(1109, 'mindframe', NULL),
(1110, 'stew', NULL),
(1111, 'Dibbler_', NULL),
(1112, 'AI_coder', NULL),
(1113, 'nse', NULL),
(1114, 'threat2', NULL),
(1115, 'nvz', NULL),
(1116, 'jduggan', NULL),
(1117, 'embalmer', NULL),
(1118, 'jkp', NULL),
(1119, 'whatah', NULL),
(1120, 'DustyDingo', NULL),
(1121, 'krinns', NULL),
(1122, 'Gokee2', NULL),
(1123, 'pingouin', NULL),
(1124, 'm`m`w', NULL),
(1125, 'sid', NULL),
(1126, 'danf_1979', NULL),
(1127, 'Kitu', NULL),
(1128, 'rmrfchik', NULL),
(1129, 'znephf', NULL),
(1130, 'Gnea', NULL),
(1131, 'Rothgar', NULL),
(1132, 'k-man', NULL),
(1133, 'Keith_S', NULL),
(1134, 'Rubin', NULL),
(1135, 'azeem_uni', NULL),
(1136, 'nima', NULL),
(1137, 'Lektron', NULL),
(1138, 'kroddn', NULL),
(1139, 'DaveyB', NULL),
(1140, 'NsOmNiAc', NULL),
(1141, 'Daveman', NULL),
(1142, 'blur`', NULL),
(1143, 'cjns3274', NULL),
(1144, 'analogx', NULL),
(1145, 'shmho', NULL),
(1146, 'Guerin', NULL),
(1147, 'crl_', NULL),
(1148, 'dendrite', NULL),
(1149, 'Provito', NULL),
(1150, 'ic56', NULL),
(1151, '[Cadet]', NULL),
(1152, 'bakfupai', NULL),
(1153, 'SerajewelKS', NULL),
(1154, 'multi_io', NULL),
(1155, 'rahul', NULL),
(1156, 'rpetre', NULL),
(1157, 'Hotwire', NULL),
(1158, 'SmallR2002', NULL),
(1159, 'gartt', NULL),
(1160, 'agentbob', NULL),
(1161, 'dimir', NULL),
(1162, 'derrilh', NULL),
(1163, 'pnrfne', NULL),
(1164, 'moshii', NULL),
(1165, '_vertigo', NULL),
(1166, 'cureless', NULL),
(1167, 'Doat', NULL),
(1168, 'roe', NULL),
(1169, 'rallred', NULL),
(1170, 'glut', NULL),
(1171, 'itguru', NULL),
(1172, 'tuvwx', NULL),
(1173, 'kisielk_jp', NULL),
(1174, 'rouge8', NULL),
(1175, 'jabular', NULL),
(1176, '`Kevin', NULL),
(1177, 'FUF', NULL),
(1178, 'egypcio', NULL),
(1179, 'jeef', NULL),
(1180, 'csit', NULL),
(1181, '_sss_', NULL),
(1182, 'skx', NULL),
(1183, 'sparrw', NULL),
(1184, 'XSoul', NULL),
(1185, 'zzz', NULL),
(1186, 'ApTek', NULL),
(1187, 'kingsley', NULL),
(1188, 'dererk[work]', NULL),
(1189, 'Lea^', NULL),
(1190, 'MatBoy', NULL),
(1191, 'Caitriona', NULL),
(1192, 'CrazyEddy', NULL),
(1193, 'azeem', NULL),
(1194, '_Tinozaure', NULL),
(1195, 'scanf', NULL),
(1196, 'Maakuth', NULL),
(1197, 'jstevens', NULL),
(1198, 'epsilon', NULL),
(1199, 'nachos', NULL),
(1200, 'Knorrie', NULL),
(1201, 'cerridwen', NULL),
(1202, 'guk', NULL),
(1203, 'larstr', NULL),
(1204, 'jdhutchin1', NULL),
(1205, 'Majk', NULL),
(1206, 'neiljp', NULL),
(1207, 'Flimzy_', NULL),
(1208, 'mathez', NULL),
(1209, 'spo0nman', NULL),
(1210, 'iswm', NULL),
(1211, 'marcels', NULL),
(1212, 'slon', NULL),
(1213, 'teago-OUT', NULL),
(1214, 'Kage`', NULL),
(1215, 'Pryon', NULL),
(1216, 'don_inlab', NULL),
(1217, 'kadath', NULL),
(1218, 'mentor', NULL),
(1219, 'Gathond', NULL),
(1220, 'zlin', NULL),
(1221, 'rvsjoen', NULL),
(1222, 'Notorious', NULL),
(1223, 'panthera', NULL),
(1224, 'addict', NULL),
(1225, 'pngwn', NULL),
(1226, 'DarkCow', NULL),
(1227, 'ircwatch', NULL),
(1228, 'Jonny', NULL),
(1229, 'spyroboy', NULL),
(1230, 'VolVE', NULL),
(1231, 'znx', NULL),
(1232, 'ft', NULL),
(1233, 'sett', NULL),
(1234, 'wireddd', NULL),
(1235, 'TerminX', NULL),
(1236, 'De_Mon', NULL),
(1237, 'a-atwood', NULL),
(1238, 'bolidz', NULL),
(1239, 'jeward', NULL),
(1240, 'rgsteele', NULL),
(1241, 'xelam', NULL),
(1242, 'Dibbler__', NULL),
(1243, 'wizzomafizzo', NULL),
(1244, 'sha1sum', NULL),
(1245, 'Alam_Linux', NULL),
(1246, 'blorp', NULL),
(1247, 'krazykit', NULL),
(1248, 'philips', NULL),
(1249, 'Niklas-', NULL),
(1250, 'dj_ryan', NULL),
(1251, 'karsten', NULL),
(1252, 'pisti', NULL),
(1253, 'rabelais', NULL),
(1254, 'rorsini', NULL),
(1255, 'dkr', NULL),
(1256, 'CAiRO', NULL),
(1257, 'Adrian', NULL),
(1258, 'PumpkinPie', NULL),
(1259, 'tmbinc', NULL),
(1260, 'cyberdo', NULL),
(1261, 'hoepen', NULL),
(1262, 'fooz', NULL),
(1263, 'beardy', NULL),
(1264, 'Coweater', NULL),
(1265, 'frankie', NULL),
(1266, 'colby', NULL),
(1267, 'tabris|away', NULL),
(1268, '`ns`', NULL),
(1269, 'wakejagr_', NULL),
(1270, 'sxpert-work', NULL),
(1271, 'linux2', NULL),
(1272, 'MM2', NULL),
(1273, 'mutante', NULL),
(1274, 'ArmEagle', NULL),
(1275, 'ivorw', NULL),
(1276, 'predder', NULL),
(1277, 'Maliuta', NULL),
(1278, 'shogunx', NULL),
(1279, 'barbo', NULL),
(1280, 'RichiH', NULL),
(1281, '[HET]drjnut', NULL),
(1282, 'scoopex', NULL),
(1283, 'Madkiss', NULL),
(1284, 'hackeron', NULL),
(1285, 'graytron', NULL),
(1286, 'bloo_sky', NULL),
(1287, 'Tygrys', NULL),
(1288, 'sigterm', NULL),
(1289, 'markw_', NULL),
(1290, 'phliver', NULL),
(1291, 'rshakin', NULL),
(1292, 'Dewi', NULL),
(1293, 'Cabal', NULL),
(1294, 'Snake-Eyes', NULL),
(1295, 'cougar`', NULL),
(1296, 'Anarka', NULL),
(1297, 'Drgb', NULL),
(1298, 'doubleclick', NULL),
(1299, '_go', NULL),
(1300, 'l0wkey', NULL),
(1301, 'mius', NULL),
(1302, 'unlink', NULL),
(1303, 'xsdg', NULL),
(1304, 'prea', NULL),
(1305, 'norc', NULL),
(1306, 'tuv', NULL),
(1307, 'justin', NULL),
(1308, 'SvenG', NULL),
(1309, 'h3sp4wn', NULL),
(1310, 'ChanServ', NULL),
(1311, 'opqdonut', NULL),
(1312, 'asg', NULL),
(1313, 'Techdeck_', NULL),
(1314, 'Bracki', NULL),
(1315, 'adker', NULL),
(1316, 'ineo_', NULL),
(1317, 'Kerr', NULL),
(1318, 'zarkdav', NULL),
(1319, 'nathanr', NULL),
(1320, 'Hydroxide', NULL),
(1321, 'dieb', NULL),
(1322, 'ix', NULL),
(1323, 'Pr3m0n1t', NULL),
(1324, 'biz', NULL),
(1325, 'smiler', NULL),
(1326, 'DerJamster', NULL),
(1327, 'lastnode', NULL),
(1328, 'Icb3a', NULL),
(1329, 'hesco', NULL),
(1330, 'Pinnen', NULL),
(1331, 'baffle', NULL),
(1332, 'shay', NULL),
(1333, 'ldexter', NULL),
(1334, 'ShockSMX', NULL),
(1335, 'Ronin', NULL),
(1336, 'RvGaTe', NULL),
(1337, 'Locke0', NULL),
(1338, 'amee2k', NULL),
(1339, 'denken', NULL),
(1340, 'esteel', NULL),
(1341, 'Pierre_Tramo', NULL),
(1342, 'Peggerr', NULL),
(1343, 'vulture', NULL),
(1344, 'theklone', NULL),
(1345, 'gentgeen__', NULL),
(1346, 'themolester', NULL),
(1347, 'Kowalczyk', NULL),
(1348, 'denmaeth', NULL),
(1349, 'KLD', NULL),
(1350, 'mmirko', NULL),
(1351, 'dondek', NULL),
(1352, 'shingouz', NULL),
(1353, 'mazzanet', NULL),
(1354, 'th1', NULL),
(1355, 'M0ffe', NULL),
(1356, 'x--', NULL),
(1357, 'zenwryly', NULL),
(1358, 'JohnnyST', NULL),
(1359, 'blue', NULL),
(1360, 'Kvant', NULL),
(1361, 'Salihu', NULL),
(1362, 'tom', NULL),
(1363, 'hagbard', NULL),
(1364, 'Deepa|AFK', NULL),
(1365, 'nameless', NULL),
(1366, 'paster', NULL),
(1367, 'tonb', NULL),
(1368, 'regis', NULL),
(1369, 'jonas22', NULL),
(1370, 'enouf', NULL),
(1371, 'finrod', NULL),
(1372, 'eeyore-', NULL),
(1373, 'ColdFyre', NULL),
(1374, 'cusco', NULL),
(1375, 'phorce1', NULL),
(1376, 'Tobe', NULL),
(1377, 'daxxar', NULL),
(1378, 'Seb', NULL),
(1379, 'RhastaW', NULL),
(1380, 'else-', NULL),
(1381, 'jae', NULL),
(1382, 'Piggy', NULL),
(1383, 'avtobiff', NULL),
(1384, 'Eclipser', NULL),
(1385, 'RAk', NULL),
(1386, 'itchi', NULL),
(1387, 'dmc', NULL),
(1388, 'lilalinux', NULL),
(1389, 'smacnay', NULL),
(1390, 'Dunedan', NULL),
(1391, 'BhaalWK', NULL),
(1392, 'olivierk', NULL),
(1393, 'Rinze_', NULL),
(1394, 'dondelelcaro', NULL),
(1395, 'Bogus8', NULL),
(1396, 'SaLoMoN', NULL),
(1397, 'nevyn', NULL),
(1398, 'blondie', NULL),
(1399, 'faked', NULL),
(1400, 'Ny-Ty', NULL),
(1401, 'Lamperi', NULL),
(1402, 'tonsofpcs', NULL),
(1403, 'esk', NULL),
(1404, 'jjazz', NULL),
(1405, 'DrthHmstr', NULL),
(1406, 'plundra', NULL),
(1407, 'buu', NULL),
(1408, 'rE', NULL),
(1409, 'Fox', NULL),
(1410, 'nsx', NULL),
(1411, 'suteri_', NULL),
(1412, 'sussudio', NULL),
(1413, 'Shadur', NULL),
(1414, 'Trewas', NULL),
(1415, 'ApEtc', NULL),
(1416, 'mylogic', NULL),
(1417, 'ineiros', NULL),
(1418, 'spoopin', NULL),
(1419, 'BLarg', NULL),
(1420, 'debhelper', NULL),
(1421, 'cb', NULL),
(1422, 'LoneWlf', NULL),
(1423, 'bam', NULL),
(1424, 'Decepticon', NULL),
(1425, 'JoshH', NULL),
(1426, 'Trevie', NULL),
(1427, 'tam', NULL),
(1428, 'Caelum', NULL),
(1429, 'Fleish', NULL),
(1430, 'erxz_paste', NULL),
(1431, 'tomaw', NULL),
(1432, 'petemc', NULL),
(1433, 'Ra1stlin', NULL),
(1434, 'et_alia', NULL),
(1435, 'mlingo', NULL),
(1436, 'snafoo', NULL),
(1437, 'itnomad', NULL),
(1438, 'SonicvanaJr', NULL),
(1439, 'mattt_', NULL),
(1440, 'somian', NULL),
(1441, 'corkball', NULL),
(1442, 'graywhite', NULL),
(1443, 'woosta', NULL),
(1444, 'themoebius2', NULL),
(1445, '_Steve_', NULL),
(1446, 'CdtDelta', NULL),
(1447, 'Gavin', NULL),
(1448, 'CPAN', NULL),
(1449, 'shigetsu', NULL),
(1450, 'jql', NULL),
(1451, 'Inf3rn0', NULL),
(1452, 'frog_', NULL),
(1453, 'Judd-MGT', NULL),
(1454, 'noganex', NULL),
(1455, 'zard1989', NULL),
(1456, 'nixternal', NULL),
(1457, 'Twi-', NULL),
(1458, 'pasteling', NULL),
(1459, 'ChristianIS', NULL),
(1460, 'imMute', NULL),
(1461, 'K', NULL),
(1462, 'Touns_AW', NULL),
(1463, 'nvicf', NULL),
(1464, 'alester', NULL),
(1465, 'perry753', NULL),
(1466, 'jef', NULL),
(1467, 'crayons12', NULL),
(1468, 'snappy', NULL),
(1469, 'm1chael', NULL),
(1470, '[domon]', NULL),
(1471, 'Oktal', NULL),
(1472, 'iNick', NULL),
(1473, 'EiNZTEiN', NULL),
(1474, 'damog', NULL),
(1475, 'Tierrie', NULL),
(1476, 'wastrel', NULL),
(1477, 'f0rked', NULL),
(1478, 'thrig', NULL),
(1479, 'stunix', NULL),
(1480, 'Excedrin', NULL),
(1481, 'snL20', NULL),
(1482, 'Rint', NULL),
(1483, 'mr_flea', NULL),
(1484, 'torbjorn_', NULL),
(1485, 'bpalmer', NULL),
(1486, 'JarJarBinks|meta', NULL),
(1487, '[Outcast]', NULL),
(1488, 'snoopy_ath', NULL),
(1489, 'Q3Man', NULL),
(1490, 'voidy', NULL),
(1491, 'O[Mish]_', NULL),
(1492, 'maindrag_', NULL),
(1493, 'rob__', NULL),
(1494, 'mkomitee', NULL),
(1495, 'Kartagis', NULL),
(1496, 'hexmode`', NULL),
(1497, 'kaitlyn', NULL),
(1498, 'pravus', NULL),
(1499, 'Mynstral', NULL),
(1500, 'HellDragon_', NULL),
(1501, 'simcop2387', NULL),
(1502, 'megaTherion', NULL),
(1503, 'Aankhen``', NULL),
(1504, 'Rtkwe', NULL),
(1505, 'RedHelix', NULL),
(1506, 'Bzek', NULL),
(1507, 'lobo_nz', NULL),
(1508, 'Will^Draven', NULL),
(1509, 'q[ender]', NULL),
(1510, 'ahmad`', NULL),
(1511, 'the_professor', NULL),
(1512, 'kcbanner', NULL),
(1513, 'Hamster_afk', NULL),
(1514, 'DocTrax', NULL),
(1515, 'xinming_', NULL),
(1516, 'Bucciarati', NULL),
(1517, 'forsaken', NULL),
(1518, 'Kulrak_', NULL),
(1519, 'nainef', NULL),
(1520, 'm0rra', NULL),
(1521, 'suchanerd', NULL),
(1522, 'rhizo', NULL),
(1523, 'commie', NULL),
(1524, 'tag-', NULL),
(1525, 'ekiM', NULL),
(1526, 'PseudoPlacebo', NULL),
(1527, 'wouterrr', NULL),
(1528, 'zoop', NULL),
(1529, 'Redhatter', NULL),
(1530, 'Risky__', NULL),
(1531, 'iratik', NULL),
(1532, 'rob-84x^', NULL),
(1533, 'gib', NULL),
(1534, 'x0d', NULL),
(1535, 'avar', NULL),
(1536, 'balony', NULL),
(1537, 'ew73', NULL),
(1538, 'mistermocha', NULL),
(1539, '_zerymo', NULL),
(1540, 'Lakez', NULL),
(1541, 'Shadow42', NULL),
(1542, 'rfordinal', NULL),
(1543, 'polettix', NULL),
(1544, 'Averell', NULL),
(1545, 'jba3', NULL),
(1546, 'rlandells_', NULL),
(1547, 'Apachez', NULL),
(1548, 'tehutehu', NULL),
(1549, 'ek', NULL),
(1550, 'frogbot', NULL),
(1551, 'dc3aes', NULL),
(1552, 'perlbot', NULL),
(1553, 'Elisabeth', NULL),
(1554, 'aspie', NULL),
(1555, 'goldfish', NULL),
(1556, 'steve', NULL),
(1557, 'Flibble18727', NULL),
(1558, 'Smeven', NULL),
(1559, 'jpeg', NULL),
(1560, 'ironmo', NULL),
(1561, 'pbjrr', NULL),
(1562, '|Shadow|', NULL),
(1563, 'UncleRemus', NULL),
(1564, 'prism', NULL),
(1565, 'reto_', NULL),
(1566, 'xaxxon', NULL),
(1567, 'Ironnads', NULL),
(1568, 'pos69sum', NULL),
(1569, 'human39', NULL),
(1570, 'tzz', NULL),
(1571, 'Equinox_', NULL),
(1572, 'DESiBELi', NULL),
(1573, 'dfa', NULL),
(1574, 'RossH', NULL),
(1575, 'surndliha', NULL),
(1576, 'foxxtrot', NULL),
(1577, 'Lynx_', NULL),
(1578, 'drupek12167', NULL),
(1579, 'j0key', NULL),
(1580, 'DocOC', NULL),
(1581, 'vasiliyb', NULL),
(1582, 'frankg', NULL),
(1583, 'f3ew', NULL),
(1584, 'Pete_I', NULL),
(1585, 'discordja', NULL),
(1586, '_Fosforo1', NULL),
(1587, 'fartyfour', NULL),
(1588, 'nanonyme', NULL),
(1589, 'Dist', NULL),
(1590, 'littlerock', NULL),
(1591, 'tcubp', NULL),
(1592, 'Brend', NULL),
(1593, 'kfo', NULL),
(1594, 'irated', NULL),
(1595, 'converter', NULL),
(1596, 'x86', NULL),
(1597, 'stuuf', NULL),
(1598, 'akhasha', NULL),
(1599, 'pengrate', NULL),
(1600, 'adante', NULL),
(1601, 'e1f|afk', NULL),
(1602, 'Ani-_', NULL),
(1603, 'flatronf701B', NULL),
(1604, 'GwaiLo', NULL),
(1605, 'lokkju_wrk', NULL),
(1606, 'deemon', NULL),
(1607, 'mofino', NULL),
(1608, 'jdv79', NULL),
(1609, 'sirhc', NULL),
(1610, 'ixx', NULL),
(1611, 'pyxl', NULL),
(1612, 'izzyb', NULL),
(1613, 'lysander', NULL),
(1614, 'koe', NULL),
(1615, 'Nurbs', NULL),
(1616, 'jippi', NULL),
(1617, 'integral', NULL),
(1618, 'Capso', NULL),
(1619, 'kikko_', NULL),
(1620, 'Luc_Aylesbury', NULL),
(1621, 'shmem', NULL),
(1622, 'f00li5h', NULL),
(1623, 'fbsdrandi', NULL),
(1624, 'fluxdude', NULL),
(1625, 'PennStater', NULL),
(1626, 'xp_prg', NULL),
(1627, 'billn', NULL),
(1628, 'dec', NULL),
(1629, 'kiliko', NULL),
(1630, 'SeJo', NULL),
(1631, 'row', NULL),
(1632, 'Torin', NULL),
(1633, 'some_dude', NULL),
(1634, 'megaspaz', NULL),
(1635, 'archangle25', NULL),
(1636, 'GenKreton', NULL),
(1637, 'LoliDesu', NULL),
(1638, 'Odin-', NULL),
(1639, 'cl0ud', NULL),
(1640, 'digitok', NULL),
(1641, 'meppl', NULL),
(1642, 'phearless', NULL),
(1643, 'sri_', NULL),
(1644, 'Southen', NULL),
(1645, 'Zeeshan_AFK', NULL),
(1646, 'enkrypt', NULL),
(1647, 'Mitar', NULL),
(1648, 'cfedde', NULL),
(1649, 'KRF', NULL),
(1650, 'felixhcat', NULL),
(1651, 'program', NULL),
(1652, 'heropb', NULL),
(1653, 'FuzzyB', NULL),
(1654, 'Authority', NULL),
(1655, 'ezrafree', NULL),
(1656, 'ifvoid', NULL),
(1657, 'OctZ', NULL),
(1658, 'work_donato', NULL),
(1659, 'ubajas', NULL),
(1660, 'lenix', NULL),
(1661, 'rafl', NULL),
(1662, 'tanq', NULL),
(1663, 'sili', NULL),
(1664, 'cake`', NULL),
(1665, 'yango', NULL),
(1666, 'IOscanner', NULL),
(1667, 'CaT[tm]', NULL),
(1668, 'chemaja', NULL),
(1669, 'natael', NULL),
(1670, 'dietbuddha', NULL),
(1671, 'htaccess', NULL),
(1672, 'accessor', NULL),
(1673, 'tech', NULL),
(1674, 'tdi', NULL),
(1675, 'StoneToad', NULL),
(1676, 'T_r_a_c_', NULL),
(1677, 'nkts', NULL),
(1678, 'job', NULL),
(1679, 'memfr0b', NULL),
(1680, 'tybalt89', NULL),
(1681, 'tfe', NULL),
(1682, 'Jahandar', NULL),
(1683, 'fluffle', NULL),
(1684, 'Jmax-', NULL),
(1685, 'yellowbugs', NULL),
(1686, 'askie_', NULL),
(1687, 'Tianon', NULL),
(1688, 'nek', NULL),
(1689, 'johnzorn', NULL),
(1690, 'darthludi', NULL),
(1691, 'Fser', NULL),
(1692, 'fotoman', NULL),
(1693, 'StevenR', NULL),
(1694, 'pfn', NULL),
(1695, 'brussel_', NULL),
(1696, 'gnari', NULL),
(1697, 'horror_vacui', NULL),
(1698, 'drbean', NULL),
(1699, 'errr', NULL),
(1700, 'clustermagnet', NULL),
(1701, 'lou_linux', NULL),
(1702, 'ascii', NULL),
(1703, 'Frozen_', NULL),
(1704, 'godzirra', NULL),
(1705, 'Teratogen', NULL),
(1706, 'phalcos', NULL),
(1707, 'Vasily', NULL),
(1708, 'Nowak', NULL),
(1709, 'merlyn', NULL),
(1710, 'triel', NULL),
(1711, 'strlen', NULL),
(1712, 'lunartear', NULL),
(1713, 'jkline', NULL),
(1714, 'but3k4', NULL),
(1715, 'braden', NULL),
(1716, 'Zero_Dogg', NULL),
(1717, 'jagerman', NULL),
(1718, 'high-rez', NULL),
(1719, 'dooky', NULL),
(1720, 'scud', NULL),
(1721, 'Thaiger_', NULL),
(1722, 'pixie', NULL),
(1723, 'westside', NULL),
(1724, 'LoRe', NULL),
(1725, 'GumbyBRAIN', NULL),
(1726, 'carldr', NULL),
(1727, 'nitbix', NULL),
(1728, 'MooingLemur', NULL),
(1729, 'Shadda', NULL),
(1730, 'japhy', NULL),
(1731, 'PerlJam', NULL),
(1732, 'Juerd', NULL),
(1733, 'wolverian', NULL),
(1734, 'extintor', NULL),
(1735, 'PennStater^AtWrk', NULL),
(1736, 'Chris62vw', NULL),
(1737, 'jaana', NULL),
(1738, 'fjjj', NULL),
(1739, 'dasOp', NULL),
(1740, 'yves', NULL),
(1741, 'jan___', NULL),
(1742, 'lucs', NULL),
(1743, 'puddingpimp_work', NULL),
(1744, 'cmeme2', NULL),
(1745, 'doug', NULL),
(1746, 'Paks', NULL),
(1747, 'memowe', NULL),
(1748, 'takanori', NULL),
(1749, 'sonorous', NULL),
(1750, 'bod', NULL),
(1751, 'particle', NULL),
(1752, 'bnovc', NULL),
(1753, 'buubot', NULL),
(1754, 'rjoseph', NULL),
(1755, 'tsuna', NULL),
(1756, 'Ikarus', NULL),
(1757, 'ezra', NULL),
(1758, 'ArmOrAttAk', NULL),
(1759, 'fwp', NULL),
(1760, 'Akuma', NULL),
(1761, 'xaiki', NULL),
(1762, 'robson', NULL),
(1763, 'pyxystyx', NULL),
(1764, 'slaq', NULL),
(1765, 'jeremy_g', NULL),
(1766, 'LeoNerd', NULL),
(1767, 'roRisc', NULL),
(1768, 'apr5', NULL),
(1769, 'apr5_', NULL),
(1770, 'mace', NULL),
(1771, 'jink', NULL),
(1772, 'k`sOSe', NULL),
(1773, 'msf', NULL),
(1774, 'Maddingu1', NULL),
(1775, 'alamar', NULL),
(1776, 'workbench', NULL),
(1777, 'woggle', NULL),
(1778, 'dngor', NULL),
(1779, 'kampasky', NULL),
(1780, 'zgh', NULL),
(1781, 'Coder7', NULL),
(1782, 'arguile', NULL),
(1783, 'cycom', NULL),
(1784, 'helix', NULL),
(1785, 'dok', NULL),
(1786, 'ltdwk', NULL),
(1787, 'Placid', NULL),
(1788, 'SCalimlim', NULL),
(1789, 'Ned_', NULL),
(1790, 'Eidolos', NULL),
(1791, 'Paladin`', NULL),
(1792, 'Paladin', NULL),
(1793, 'Toes', NULL),
(1794, 'genio', NULL),
(1795, 'Roderick', NULL),
(1796, 'whizzer', NULL),
(1797, 'tehdely', NULL),
(1798, 'kimuSan^', NULL),
(1799, 'casey', NULL),
(1800, 'nuba', NULL),
(1801, 'Masque', NULL),
(1802, 'Botje', NULL),
(1803, 'avizion', NULL),
(1804, 'mmap__', NULL),
(1805, 'tiberius', NULL),
(1806, 'm00re', NULL),
(1807, 'hotspants', NULL),
(1808, 'revdiablo', NULL),
(1809, 'bline', NULL),
(1810, 'ZipKid', NULL),
(1811, 'shorten', NULL),
(1812, 'agi', NULL),
(1813, 'seqtic', NULL),
(1814, 'sung', NULL),
(1815, 'orafu', NULL),
(1816, 'jabra', NULL),
(1817, 'bennymack', NULL),
(1818, 'ido', NULL),
(1819, 'v0id', NULL),
(1820, 'Shabble', NULL),
(1821, 'Norgg', NULL),
(1822, 'kspath', NULL),
(1823, 'fbred', NULL),
(1824, 'TreyHarris', NULL),
(1825, 'henroc', NULL),
(1826, 'hitman_', NULL),
(1827, 'Kev', NULL),
(1828, '', 16),
(1829, 'Pici', 415),
(1830, 'ThinkingMan', 416),
(1831, 'Render', 417),
(1832, 'dimeo', 418),
(1833, 'Virtuall', 419),
(1834, 'Amallya', 420),
(1835, 'madman91', 421),
(1836, 'Terminus-', 422),
(1837, 'omry__', NULL),
(1838, 'jetscreamer', NULL),
(1839, 'Azverkan', NULL),
(1840, 'Symian', NULL),
(1841, 'KuTan', 423);

-- --------------------------------------------------------

-- 
-- Table structure for table `user`
-- 

DROP TABLE IF EXISTS `user`;
CREATE TABLE IF NOT EXISTS `user` (
  `id` int(11) NOT NULL auto_increment,
  `email` varchar(255) NOT NULL,
  `password` varchar(255) NOT NULL,
  `is_active` varchar(255) NOT NULL,
  `is_admin` varchar(255) NOT NULL,
  `ts_registered` datetime NOT NULL,
  `ts_lastlogin` datetime NOT NULL,
  `locale` varchar(255) NOT NULL default 'en@locale=Europe/London',
  PRIMARY KEY  (`id`)
) ENGINE=InnoDB DEFAULT CHARSET=latin1 AUTO_INCREMENT=1 ;

-- 
-- Dumping data for table `user`
-- 


-- 
-- Constraints for dumped tables
-- 

-- 
-- Constraints for table `channel_nick`
-- 
ALTER TABLE `channel_nick`
  ADD CONSTRAINT `channel_nick_FK_1` FOREIGN KEY (`channel_id`) REFERENCES `channel` (`id`) ON DELETE CASCADE,
  ADD CONSTRAINT `channel_nick_FK_2` FOREIGN KEY (`nick_id`) REFERENCES `nick` (`id`) ON DELETE CASCADE;

-- 
-- Constraints for table `irc_identity`
-- 
ALTER TABLE `irc_identity`
  ADD CONSTRAINT `irc_identity_FK_1` FOREIGN KEY (`user_id`) REFERENCES `user` (`id`) ON DELETE SET NULL;

-- 
-- Constraints for table `message_log`
-- 
ALTER TABLE `message_log`
  ADD CONSTRAINT `message_log_FK_1` FOREIGN KEY (`channel_id`) REFERENCES `channel` (`id`) ON DELETE CASCADE,
  ADD CONSTRAINT `message_log_FK_2` FOREIGN KEY (`nick_id`) REFERENCES `nick` (`id`) ON DELETE CASCADE;

-- 
-- Constraints for table `nick`
-- 
ALTER TABLE `nick`
  ADD CONSTRAINT `nick_FK_1` FOREIGN KEY (`irc_identity_id`) REFERENCES `irc_identity` (`id`) ON DELETE SET NULL;

SET FOREIGN_KEY_CHECKS=1;
